Handle,Title,Body (HTML),Vendor,Product Category,Type,Tags,Published,Option1 Name,Option1 Value,Variant SKU,Variant Grams,Variant Inventory Tracker,Variant Inventory Qty,Variant Inventory Policy,Variant Fulfillment Service,Variant Price,Variant Compare At Price,Variant Requires Shipping,Variant Taxable,Image Src,Image Position,Image Alt Text,SEO Title,SEO Description,Status
dior-sauvage-edp-100ml,Dior Sauvage EDP 100ml,"<p>Dior Sauvage EDP 100ml is a fresh spicy woody men's fragrance built around a refined designer profile that remains highly wearable. It typically delivers 8-10 hours of wear with moderate to strong sillage, making it dependable for office, nights out, and signature daily wear. The composition opens with bright character, develops into a textured aromatic heart, and finishes with a smooth masculine base.</p><ul><li><strong>Top notes:</strong> Calabrian bergamot</li><li><strong>Middle notes:</strong> Sichuan pepper, star anise, nutmeg, lavender</li><li><strong>Base notes:</strong> Ambroxan, vanilla</li></ul><p>Best suited to office, nights out, and signature daily wear, this fragrance is aimed at men wanting a modern, versatile designer scent with bold freshness. It is a strong option for customers who want authentic designer quality with reliable performance in a dropship catalog.</p>",Dior,Health & Beauty > Personal Care > Cosmetics > Perfume & Cologne,Eau de Parfum,"Dior,men,designer,fresh spicy woody,work,date,evening,year-round",TRUE,Size,100ml,DIOR-SAUVAGE-100,500,shopify,50,deny,manual,129.00,169.00,TRUE,TRUE,,1,Dior Sauvage EDP 100ml cologne bottle - authentic designer fragrance,Buy Dior Sauvage EDP | Authentic | Dumbdollars,"Shop Dior Sauvage EDP 100ml for authentic designer scent performance, long-lasting wear, and confident all-day projection for modern men.",active
bleu-de-chanel-edp-100ml,Bleu de Chanel EDP 100ml,"<p>Bleu de Chanel EDP 100ml is a woody aromatic citrus men's fragrance built around a refined designer profile that remains highly wearable. It typically delivers 8-10 hours of wear with moderate sillage, making it dependable for professional settings, upscale dinners, and evening wear. The composition opens with bright character, develops into a textured aromatic heart, and finishes with a smooth masculine base.</p><ul><li><strong>Top notes:</strong> Grapefruit, lemon, pink pepper</li><li><strong>Middle notes:</strong> Ginger, nutmeg, jasmine</li><li><strong>Base notes:</strong> Incense, cedar, sandalwood, patchouli, labdanum</li></ul><p>Best suited to professional settings, upscale dinners, and evening wear, this fragrance is aimed at men who prefer polished, refined fragrances with woody depth. It is a strong option for customers who want authentic designer quality with reliable performance in a dropship catalog.</p>",Chanel,Health & Beauty > Personal Care > Cosmetics > Perfume & Cologne,Eau de Parfum,"Chanel,men,designer,woody aromatic citrus,work,date,evening,all-season",TRUE,Size,100ml,CHANEL-BLEUDECHANEL-100,500,shopify,50,deny,manual,142.00,189.00,TRUE,TRUE,,1,Bleu de Chanel EDP 100ml cologne bottle - authentic designer fragrance,Buy Bleu de Chanel EDP | Authentic | Dumbdollars,"Shop Bleu de Chanel EDP 100ml for authentic designer scent performance, long-lasting wear, and confident all-day projection for modern men.",active
versace-eros-edt-100ml,Versace Eros EDT 100ml,"<p>Versace Eros EDT 100ml is a aromatic fougere sweet men's fragrance built around a refined designer profile that remains highly wearable. It typically delivers 8+ hours of wear with strong sillage, making it dependable for date nights, nightlife, and cooler weather. The composition opens with bright character, develops into a textured aromatic heart, and finishes with a smooth masculine base.</p><ul><li><strong>Top notes:</strong> Mint, green apple, lemon</li><li><strong>Middle notes:</strong> Tonka bean, ambroxan, geranium</li><li><strong>Base notes:</strong> Vanilla, cedarwood, vetiver, oakmoss</li></ul><p>Best suited to date nights, nightlife, and cooler weather, this fragrance is aimed at men who like bold, attention-grabbing sweet-fresh scents. It is a strong option for customers who want authentic designer quality with reliable performance in a dropship catalog.</p>",Versace,Health & Beauty > Personal Care > Cosmetics > Perfume & Cologne,Cologne,"Versace,men,designer,aromatic fougere sweet,date,evening,party,fall",TRUE,Size,100ml,VERSACE-EROS-100,500,shopify,50,deny,manual,96.00,129.00,TRUE,TRUE,,1,Versace Eros EDT 100ml cologne bottle - authentic designer fragrance,Buy Versace Eros EDT | Authentic | Dumbdollars,"Shop Versace Eros EDT 100ml for authentic designer scent performance, long-lasting wear, and confident all-day projection for modern men.",active
acqua-di-gio-profumo-75ml,Acqua di Gio Profumo 75ml,"<p>Acqua di Gio Profumo 75ml is a aquatic aromatic incense men's fragrance built around a refined designer profile that remains highly wearable. It typically delivers 8-10 hours of wear with moderate to strong sillage, making it dependable for business wear, warm-weather evenings, and formal events. The composition opens with bright character, develops into a textured aromatic heart, and finishes with a smooth masculine base.</p><ul><li><strong>Top notes:</strong> Sea notes, bergamot</li><li><strong>Middle notes:</strong> Rosemary, sage, geranium</li><li><strong>Base notes:</strong> Incense, patchouli</li></ul><p>Best suited to business wear, warm-weather evenings, and formal events, this fragrance is aimed at men who want a marine scent with darker, elegant depth. It is a strong option for customers who want authentic designer quality with reliable performance in a dropship catalog.</p>",Giorgio Armani,Health & Beauty > Personal Care > Cosmetics > Perfume & Cologne,Cologne,"Giorgio Armani,men,designer,aquatic aromatic incense,work,evening,summer,formal",TRUE,Size,75ml,ARMANI-ADGPROFUMO-75,500,shopify,50,deny,manual,149.00,199.00,TRUE,TRUE,,1,Acqua di Gio Profumo 75ml cologne bottle - authentic designer fragrance,Buy Acqua di Gio Profumo | Authentic | Dumbdollars,"Shop Acqua di Gio Profumo 75ml for authentic designer scent performance, long-lasting wear, and confident all-day projection for modern men.",active
armani-code-eau-de-toilette-75ml,Armani Code Eau de Toilette 75ml,"<p>Armani Code Eau de Toilette 75ml is a oriental spicy men's fragrance built around a refined designer profile that remains highly wearable. It typically delivers 6-8 hours of wear with moderate sillage, making it dependable for date nights, dinners, and nighttime occasions. The composition opens with bright character, develops into a textured aromatic heart, and finishes with a smooth masculine base.</p><ul><li><strong>Top notes:</strong> Bergamot, lemon</li><li><strong>Middle notes:</strong> Olive blossom, star anise, guaiac wood</li><li><strong>Base notes:</strong> Tonka bean, leather, tobacco</li></ul><p>Best suited to date nights, dinners, and nighttime occasions, this fragrance is aimed at men seeking a smooth, seductive designer evening fragrance. It is a strong option for customers who want authentic designer quality with reliable performance in a dropship catalog.</p>",Giorgio Armani,Health & Beauty > Personal Care > Cosmetics > Perfume & Cologne,Cologne,"Giorgio Armani,men,designer,oriental spicy,date,evening,fall,winter",TRUE,Size,75ml,ARMANI-CODE-75,500,shopify,50,deny,manual,95.00,125.00,TRUE,TRUE,,1,Armani Code Eau de Toilette 75ml cologne bottle - authentic designer fragrance,Buy Armani Code Eau de Toilette | Authentic | Dumbdollars,"Shop Armani Code Eau de Toilette 75ml for authentic designer scent performance, long-lasting wear, and confident all-day projection for modern men.",active
yves-saint-laurent-y-edp-100ml,Yves Saint Laurent Y EDP 100ml,"<p>Yves Saint Laurent Y EDP 100ml is a aromatic woody fresh men's fragrance built around a refined designer profile that remains highly wearable. It typically delivers 8-10 hours of wear with moderate to strong sillage, making it dependable for daily use, office wear, and evening plans. The composition opens with bright character, develops into a textured aromatic heart, and finishes with a smooth masculine base.</p><ul><li><strong>Top notes:</strong> Apple, bergamot, ginger</li><li><strong>Middle notes:</strong> Sage, juniper berries, geranium</li><li><strong>Base notes:</strong> Amberwood, tonka bean, cedar, vetiver, olibanum</li></ul><p>Best suited to daily use, office wear, and evening plans, this fragrance is aimed at men wanting a clean yet powerful signature scent. It is a strong option for customers who want authentic designer quality with reliable performance in a dropship catalog.</p>",Yves Saint Laurent,Health & Beauty > Personal Care > Cosmetics > Perfume & Cologne,Eau de Parfum,"Yves Saint Laurent,men,designer,aromatic woody fresh,work,date,daily,all-season",TRUE,Size,100ml,YSL-YEDP-100,500,shopify,50,deny,manual,128.00,169.00,TRUE,TRUE,,1,Yves Saint Laurent Y EDP 100ml cologne bottle - authentic designer fragrance,Buy Yves Saint Laurent Y EDP | Authentic | Dumbdollars,"Shop Yves Saint Laurent Y EDP 100ml for authentic designer scent performance, long-lasting wear, and confident all-day projection for modern men.",active
paco-rabanne-1-million-100ml,Paco Rabanne 1 Million 100ml,"<p>Paco Rabanne 1 Million 100ml is a woody spicy sweet men's fragrance built around a refined designer profile that remains highly wearable. It typically delivers 8+ hours of wear with strong sillage, making it dependable for nightlife, dates, and social events. The composition opens with bright character, develops into a textured aromatic heart, and finishes with a smooth masculine base.</p><ul><li><strong>Top notes:</strong> Blood mandarin, grapefruit, mint</li><li><strong>Middle notes:</strong> Cinnamon, rose, spicy notes</li><li><strong>Base notes:</strong> Leather, amber, patchouli, woody notes</li></ul><p>Best suited to nightlife, dates, and social events, this fragrance is aimed at men who enjoy bold sweet-spicy scents with strong projection. It is a strong option for customers who want authentic designer quality with reliable performance in a dropship catalog.</p>",Paco Rabanne,Health & Beauty > Personal Care > Cosmetics > Perfume & Cologne,Cologne,"Paco Rabanne,men,designer,woody spicy sweet,date,party,evening,fall",TRUE,Size,100ml,PACORABANNE-1MILLION-100,500,shopify,50,deny,manual,104.00,139.00,TRUE,TRUE,,1,Paco Rabanne 1 Million 100ml cologne bottle - authentic designer fragrance,Buy Paco Rabanne 1 Million | Authentic | Dumbdollars,"Shop Paco Rabanne 1 Million 100ml for authentic designer scent performance, long-lasting wear, and confident all-day projection for modern men.",active
jean-paul-gaultier-le-male-125ml,Jean Paul Gaultier Le Male 125ml,"<p>Jean Paul Gaultier Le Male 125ml is a oriental fougere men's fragrance built around a refined designer profile that remains highly wearable. It typically delivers 8+ hours of wear with moderate to strong sillage, making it dependable for night out, cool-weather wear, and romantic settings. The composition opens with bright character, develops into a textured aromatic heart, and finishes with a smooth masculine base.</p><ul><li><strong>Top notes:</strong> Mint, lavender, bergamot, cardamom, artemisia</li><li><strong>Middle notes:</strong> Cinnamon, orange blossom, caraway</li><li><strong>Base notes:</strong> Vanilla, tonka bean, amber, sandalwood, cedar</li></ul><p>Best suited to night out, cool-weather wear, and romantic settings, this fragrance is aimed at men who like classic masculine scents with sweet warmth. It is a strong option for customers who want authentic designer quality with reliable performance in a dropship catalog.</p>",Jean Paul Gaultier,Health & Beauty > Personal Care > Cosmetics > Perfume & Cologne,Cologne,"Jean Paul Gaultier,men,designer,oriental fougere,date,evening,fall,winter",TRUE,Size,125ml,JPG-LEMALE-125,500,shopify,50,deny,manual,108.00,145.00,TRUE,TRUE,,1,Jean Paul Gaultier Le Male 125ml cologne bottle - authentic designer fragrance,Buy Jean Paul Gaultier Le Male | Authentic | Dumbdollars,"Shop Jean Paul Gaultier Le Male 125ml for authentic designer scent performance, long-lasting wear, and confident all-day projection for modern men.",active
valentino-uomo-born-in-roma-100ml,Valentino Uomo Born in Roma 100ml,"<p>Valentino Uomo Born in Roma 100ml is a woody aromatic mineral men's fragrance built around a refined designer profile that remains highly wearable. It typically delivers 7-9 hours of wear with moderate sillage, making it dependable for day-to-night wear, dates, and city evenings. The composition opens with bright character, develops into a textured aromatic heart, and finishes with a smooth masculine base.</p><ul><li><strong>Top notes:</strong> Mineral notes, violet leaf, salt</li><li><strong>Middle notes:</strong> Ginger, sage</li><li><strong>Base notes:</strong> Vetiver, woody notes</li></ul><p>Best suited to day-to-night wear, dates, and city evenings, this fragrance is aimed at men who want a modern woody scent with clean mineral freshness. It is a strong option for customers who want authentic designer quality with reliable performance in a dropship catalog.</p>",Valentino,Health & Beauty > Personal Care > Cosmetics > Perfume & Cologne,Cologne,"Valentino,men,designer,woody aromatic mineral,date,evening,work,all-season",TRUE,Size,100ml,VALENTINO-UOMOBORNINROMA-100,500,shopify,50,deny,manual,124.00,165.00,TRUE,TRUE,,1,Valentino Uomo Born in Roma 100ml cologne bottle - authentic designer fragrance,Buy Valentino Uomo Born in Roma | Authentic | Dumbdollars,"Shop Valentino Uomo Born in Roma 100ml for authentic designer scent performance, long-lasting wear, and confident all-day projection for modern men.",active
prada-luna-rossa-black-100ml,Prada Luna Rossa Black 100ml,"<p>Prada Luna Rossa Black 100ml is a amber woody men's fragrance built around a refined designer profile that remains highly wearable. It typically delivers 7-9 hours of wear with moderate sillage, making it dependable for nighttime wear, cooler seasons, and intimate settings. The composition opens with bright character, develops into a textured aromatic heart, and finishes with a smooth masculine base.</p><ul><li><strong>Top notes:</strong> Bergamot</li><li><strong>Middle notes:</strong> Angelica, patchouli, coumarin</li><li><strong>Base notes:</strong> Amber, musk</li></ul><p>Best suited to nighttime wear, cooler seasons, and intimate settings, this fragrance is aimed at men seeking a smooth, dark amber designer fragrance. It is a strong option for customers who want authentic designer quality with reliable performance in a dropship catalog.</p>",Prada,Health & Beauty > Personal Care > Cosmetics > Perfume & Cologne,Eau de Parfum,"Prada,men,designer,amber woody,date,evening,fall,winter",TRUE,Size,100ml,PRADA-LUNAROSSABLACK-100,500,shopify,50,deny,manual,135.00,179.00,TRUE,TRUE,,1,Prada Luna Rossa Black 100ml cologne bottle - authentic designer fragrance,Buy Prada Luna Rossa Black | Authentic | Dumbdollars,"Shop Prada Luna Rossa Black 100ml for authentic designer scent performance, long-lasting wear, and confident all-day projection for modern men.",active
tom-ford-oud-wood-50ml,Tom Ford Oud Wood 50ml,"<p>Tom Ford Oud Wood 50ml is a woody oriental men's fragrance built around a refined designer profile that remains highly wearable. It typically delivers 7-9 hours of wear with moderate sillage, making it dependable for formal evenings, luxury events, and special occasions. The composition opens with bright character, develops into a textured aromatic heart, and finishes with a smooth masculine base.</p><ul><li><strong>Top notes:</strong> Rosewood, cardamom, Chinese pepper</li><li><strong>Middle notes:</strong> Oud, sandalwood, vetiver</li><li><strong>Base notes:</strong> Tonka bean, vanilla, amber</li></ul><p>Best suited to formal evenings, luxury events, and special occasions, this fragrance is aimed at men wanting sophisticated oud without overpowering intensity. It is a strong option for customers who want authentic designer quality with reliable performance in a dropship catalog.</p>",Tom Ford,Health & Beauty > Personal Care > Cosmetics > Perfume & Cologne,Eau de Parfum,"Tom Ford,men,designer,woody oriental,evening,formal,date,fall",TRUE,Size,50ml,TOMFORD-OUDWOOD-50,500,shopify,50,deny,manual,175.00,229.00,TRUE,TRUE,,1,Tom Ford Oud Wood 50ml cologne bottle - authentic designer fragrance,Buy Tom Ford Oud Wood | Authentic | Dumbdollars,"Shop Tom Ford Oud Wood 50ml for authentic designer scent performance, long-lasting wear, and confident all-day projection for modern men.",active
tom-ford-tobacco-vanille-50ml,Tom Ford Tobacco Vanille 50ml,"<p>Tom Ford Tobacco Vanille 50ml is a oriental spicy gourmand men's fragrance built around a refined designer profile that remains highly wearable. It typically delivers 10+ hours of wear with strong sillage, making it dependable for cold-weather nights, formal events, and upscale evenings. The composition opens with bright character, develops into a textured aromatic heart, and finishes with a smooth masculine base.</p><ul><li><strong>Top notes:</strong> Tobacco leaf, spicy notes</li><li><strong>Middle notes:</strong> Vanilla, cacao, tonka bean, tobacco blossom</li><li><strong>Base notes:</strong> Dried fruits, woody notes</li></ul><p>Best suited to cold-weather nights, formal events, and upscale evenings, this fragrance is aimed at men who enjoy rich tobacco-vanilla statement fragrances. It is a strong option for customers who want authentic designer quality with reliable performance in a dropship catalog.</p>",Tom Ford,Health & Beauty > Personal Care > Cosmetics > Perfume & Cologne,Eau de Parfum,"Tom Ford,men,designer,oriental spicy gourmand,evening,date,winter,formal",TRUE,Size,50ml,TOMFORD-TOBACCOVANILLE-50,500,shopify,50,deny,manual,175.00,235.00,TRUE,TRUE,,1,Tom Ford Tobacco Vanille 50ml cologne bottle - authentic designer fragrance,Buy Tom Ford Tobacco Vanille | Authentic | Dumbdollars,"Shop Tom Ford Tobacco Vanille 50ml for authentic designer scent performance, long-lasting wear, and confident all-day projection for modern men.",active
creed-aventus-100ml,Creed Aventus 100ml,"<p>Creed Aventus 100ml is a fruity woody chypre men's fragrance built around a refined designer profile that remains highly wearable. It typically delivers 8-10 hours of wear with moderate to strong sillage, making it dependable for executive wear, formal events, and everyday luxury. The composition opens with bright character, develops into a textured aromatic heart, and finishes with a smooth masculine base.</p><ul><li><strong>Top notes:</strong> Pineapple, bergamot, black currant, apple</li><li><strong>Middle notes:</strong> Birch, patchouli, jasmine, rose</li><li><strong>Base notes:</strong> Musk, oakmoss, ambergris, vanilla</li></ul><p>Best suited to executive wear, formal events, and everyday luxury, this fragrance is aimed at men who want a premium, confident signature fragrance. It is a strong option for customers who want authentic designer quality with reliable performance in a dropship catalog.</p>",Creed,Health & Beauty > Personal Care > Cosmetics > Perfume & Cologne,Eau de Parfum,"Creed,men,designer,fruity woody chypre,work,date,formal,all-season",TRUE,Size,100ml,CREED-AVENTUS-100,500,shopify,50,deny,manual,175.00,229.00,TRUE,TRUE,,1,Creed Aventus 100ml cologne bottle - authentic designer fragrance,Buy Creed Aventus | Authentic | Dumbdollars,"Shop Creed Aventus 100ml for authentic designer scent performance, long-lasting wear, and confident all-day projection for modern men.",active
burberry-hero-edp-100ml,Burberry Hero EDP 100ml,"<p>Burberry Hero EDP 100ml is a woody resinous men's fragrance built around a refined designer profile that remains highly wearable. It typically delivers 7-9 hours of wear with moderate sillage, making it dependable for smart casual wear, evenings, and cooler weather. The composition opens with bright character, develops into a textured aromatic heart, and finishes with a smooth masculine base.</p><ul><li><strong>Top notes:</strong> Pine needles, olibanum</li><li><strong>Middle notes:</strong> Benzoin, incense</li><li><strong>Base notes:</strong> Atlas cedar, Himalayan cedar, Virginia cedar</li></ul><p>Best suited to smart casual wear, evenings, and cooler weather, this fragrance is aimed at men drawn to modern woody scents with warm resin accents. It is a strong option for customers who want authentic designer quality with reliable performance in a dropship catalog.</p>",Burberry,Health & Beauty > Personal Care > Cosmetics > Perfume & Cologne,Eau de Parfum,"Burberry,men,designer,woody resinous,work,evening,fall,winter",TRUE,Size,100ml,BURBERRY-HEROEDP-100,500,shopify,50,deny,manual,118.00,155.00,TRUE,TRUE,,1,Burberry Hero EDP 100ml cologne bottle - authentic designer fragrance,Buy Burberry Hero EDP | Authentic | Dumbdollars,"Shop Burberry Hero EDP 100ml for authentic designer scent performance, long-lasting wear, and confident all-day projection for modern men.",active
hugo-boss-bottled-100ml,Hugo Boss Bottled 100ml,"<p>Hugo Boss Bottled 100ml is a woody spicy fruity men's fragrance built around a refined designer profile that remains highly wearable. It typically delivers 6-8 hours of wear with moderate sillage, making it dependable for daily office wear, casual outings, and versatile use. The composition opens with bright character, develops into a textured aromatic heart, and finishes with a smooth masculine base.</p><ul><li><strong>Top notes:</strong> Apple, plum, bergamot, lemon</li><li><strong>Middle notes:</strong> Cinnamon, mahogany, carnation</li><li><strong>Base notes:</strong> Vanilla, sandalwood, cedar, olive tree, vetiver</li></ul><p>Best suited to daily office wear, casual outings, and versatile use, this fragrance is aimed at men who want a classic crowd-pleasing everyday scent. It is a strong option for customers who want authentic designer quality with reliable performance in a dropship catalog.</p>",Hugo Boss,Health & Beauty > Personal Care > Cosmetics > Perfume & Cologne,Cologne,"Hugo Boss,men,designer,woody spicy fruity,work,daily,fall,all-season",TRUE,Size,100ml,HUGOBOSS-BOTTLED-100,500,shopify,50,deny,manual,90.00,119.00,TRUE,TRUE,,1,Hugo Boss Bottled 100ml cologne bottle - authentic designer fragrance,Buy Hugo Boss Bottled | Authentic | Dumbdollars,"Shop Hugo Boss Bottled 100ml for authentic designer scent performance, long-lasting wear, and confident all-day projection for modern men.",active
dolce-and-gabbana-the-one-100ml,Dolce & Gabbana The One 100ml,"<p>Dolce & Gabbana The One 100ml is a woody spicy oriental men's fragrance built around a refined designer profile that remains highly wearable. It typically delivers 5-7 hours of wear with moderate sillage, making it dependable for date nights and refined evening settings. The composition opens with bright character, develops into a textured aromatic heart, and finishes with a smooth masculine base.</p><ul><li><strong>Top notes:</strong> Grapefruit, coriander, basil</li><li><strong>Middle notes:</strong> Cardamom, ginger, orange blossom</li><li><strong>Base notes:</strong> Tobacco, amber, cedar</li></ul><p>Best suited to date nights and refined evening settings, this fragrance is aimed at men who prefer warm, intimate and elegant scents. It is a strong option for customers who want authentic designer quality with reliable performance in a dropship catalog.</p>",Dolce & Gabbana,Health & Beauty > Personal Care > Cosmetics > Perfume & Cologne,Cologne,"Dolce & Gabbana,men,designer,woody spicy oriental,date,evening,fall,winter",TRUE,Size,100ml,DOLCEGABBANA-THEONE-100,500,shopify,50,deny,manual,99.00,132.00,TRUE,TRUE,,1,Dolce & Gabbana The One 100ml cologne bottle - authentic designer fragrance,Buy Dolce & Gabbana The One | Authentic | Dumbdollars,"Shop Dolce & Gabbana The One 100ml for authentic designer scent performance, long-lasting wear, and confident all-day projection for modern men.",active
givenchy-gentleman-edp-100ml,Givenchy Gentleman EDP 100ml,"<p>Givenchy Gentleman EDP 100ml is a oriental woody men's fragrance built around a refined designer profile that remains highly wearable. It typically delivers 8-10 hours of wear with moderate to strong sillage, making it dependable for evening wear, date nights, and colder seasons. The composition opens with bright character, develops into a textured aromatic heart, and finishes with a smooth masculine base.</p><ul><li><strong>Top notes:</strong> Black pepper, lavender, bergamot</li><li><strong>Middle notes:</strong> Orris, clove, cinnamon</li><li><strong>Base notes:</strong> Black vanilla husk, tolu balsam, tonka bean, patchouli</li></ul><p>Best suited to evening wear, date nights, and colder seasons, this fragrance is aimed at men who enjoy elegant iris warmth with a sensual dry-down. It is a strong option for customers who want authentic designer quality with reliable performance in a dropship catalog.</p>",Givenchy,Health & Beauty > Personal Care > Cosmetics > Perfume & Cologne,Eau de Parfum,"Givenchy,men,designer,oriental woody,evening,date,fall,winter",TRUE,Size,100ml,GIVENCHY-GENTLEMANEDP-100,500,shopify,50,deny,manual,115.00,149.00,TRUE,TRUE,,1,Givenchy Gentleman EDP 100ml cologne bottle - authentic designer fragrance,Buy Givenchy Gentleman EDP | Authentic | Dumbdollars,"Shop Givenchy Gentleman EDP 100ml for authentic designer scent performance, long-lasting wear, and confident all-day projection for modern men.",active
montblanc-explorer-100ml,Montblanc Explorer 100ml,"<p>Montblanc Explorer 100ml is a woody aromatic men's fragrance built around a refined designer profile that remains highly wearable. It typically delivers 7-9 hours of wear with moderate sillage, making it dependable for office wear, travel, and all-day versatility. The composition opens with bright character, develops into a textured aromatic heart, and finishes with a smooth masculine base.</p><ul><li><strong>Top notes:</strong> Bergamot, pink pepper, clary sage</li><li><strong>Middle notes:</strong> Haitian vetiver, leather</li><li><strong>Base notes:</strong> Ambroxan, Akigalawood, cacao pod, patchouli leaf</li></ul><p>Best suited to office wear, travel, and all-day versatility, this fragrance is aimed at men looking for a modern woody scent with broad appeal. It is a strong option for customers who want authentic designer quality with reliable performance in a dropship catalog.</p>",Montblanc,Health & Beauty > Personal Care > Cosmetics > Perfume & Cologne,Eau de Parfum,"Montblanc,men,designer,woody aromatic,work,daily,date,all-season",TRUE,Size,100ml,MONTBLANC-EXPLORER-100,500,shopify,50,deny,manual,95.00,125.00,TRUE,TRUE,,1,Montblanc Explorer 100ml cologne bottle - authentic designer fragrance,Buy Montblanc Explorer | Authentic | Dumbdollars,"Shop Montblanc Explorer 100ml for authentic designer scent performance, long-lasting wear, and confident all-day projection for modern men.",active
versace-dylan-blue-100ml,Versace Dylan Blue 100ml,"<p>Versace Dylan Blue 100ml is a aromatic fougere fresh men's fragrance built around a refined designer profile that remains highly wearable. It typically delivers 7-9 hours of wear with moderate to strong sillage, making it dependable for daily wear, evenings out, and versatile signature use. The composition opens with bright character, develops into a textured aromatic heart, and finishes with a smooth masculine base.</p><ul><li><strong>Top notes:</strong> Calabrian bergamot, grapefruit, fig leaves, aquatic notes</li><li><strong>Middle notes:</strong> Violet leaf, papyrus, patchouli, black pepper, ambrox</li><li><strong>Base notes:</strong> Musk, tonka bean, saffron, incense</li></ul><p>Best suited to daily wear, evenings out, and versatile signature use, this fragrance is aimed at men who like fresh blue fragrances with masculine depth. It is a strong option for customers who want authentic designer quality with reliable performance in a dropship catalog.</p>",Versace,Health & Beauty > Personal Care > Cosmetics > Perfume & Cologne,Cologne,"Versace,men,designer,aromatic fougere fresh,work,date,evening,all-season",TRUE,Size,100ml,VERSACE-DYLANBLUE-100,500,shopify,50,deny,manual,92.00,122.00,TRUE,TRUE,,1,Versace Dylan Blue 100ml cologne bottle - authentic designer fragrance,Buy Versace Dylan Blue | Authentic | Dumbdollars,"Shop Versace Dylan Blue 100ml for authentic designer scent performance, long-lasting wear, and confident all-day projection for modern men.",active
calvin-klein-eternity-for-men-100ml,Calvin Klein Eternity for Men 100ml,"<p>Calvin Klein Eternity for Men 100ml is a aromatic fougere men's fragrance built around a refined designer profile that remains highly wearable. It typically delivers 5-7 hours of wear with moderate sillage, making it dependable for daytime wear, office settings, and spring-summer use. The composition opens with bright character, develops into a textured aromatic heart, and finishes with a smooth masculine base.</p><ul><li><strong>Top notes:</strong> Lavender, mandarin orange, bergamot, lemon</li><li><strong>Middle notes:</strong> Coriander, lily, orange blossom, juniper berries, basil, jasmine, sage, lily-of-the-valley, geranium</li><li><strong>Base notes:</strong> Sandalwood, amber, musk, vetiver, Brazilian rosewood</li></ul><p>Best suited to daytime wear, office settings, and spring-summer use, this fragrance is aimed at men who want a timeless clean aromatic fragrance. It is a strong option for customers who want authentic designer quality with reliable performance in a dropship catalog.</p>",Calvin Klein,Health & Beauty > Personal Care > Cosmetics > Perfume & Cologne,Cologne,"Calvin Klein,men,designer,aromatic fougere,work,daily,spring,summer",TRUE,Size,100ml,CALVINKLEIN-ETERNITY-100,500,shopify,50,deny,manual,85.00,109.00,TRUE,TRUE,,1,Calvin Klein Eternity for Men 100ml cologne bottle - authentic designer fragrance,Buy Calvin Klein Eternity for Men | Authentic | Dumbdollars,"Shop Calvin Klein Eternity for Men 100ml for authentic designer scent performance, long-lasting wear, and confident all-day projection for modern men.",active
carolina-herrera-bad-boy-100ml,Carolina Herrera Bad Boy 100ml,"<p>Carolina Herrera Bad Boy 100ml is a oriental spicy men's fragrance built around a refined designer profile that remains highly wearable. It typically delivers 7-9 hours of wear with moderate to strong sillage, making it dependable for date nights, parties, and cooler weather. The composition opens with bright character, develops into a textured aromatic heart, and finishes with a smooth masculine base.</p><ul><li><strong>Top notes:</strong> Black pepper, white pepper, bergamot</li><li><strong>Middle notes:</strong> Cedar, sage</li><li><strong>Base notes:</strong> Tonka bean, cacao</li></ul><p>Best suited to date nights, parties, and cooler weather, this fragrance is aimed at men who like edgy spicy-sweet fragrances with charisma. It is a strong option for customers who want authentic designer quality with reliable performance in a dropship catalog.</p>",Carolina Herrera,Health & Beauty > Personal Care > Cosmetics > Perfume & Cologne,Cologne,"Carolina Herrera,men,designer,oriental spicy,date,evening,fall,winter",TRUE,Size,100ml,CAROLINAHERRERA-BADBOY-100,500,shopify,50,deny,manual,112.00,149.00,TRUE,TRUE,,1,Carolina Herrera Bad Boy 100ml cologne bottle - authentic designer fragrance,Buy Carolina Herrera Bad Boy | Authentic | Dumbdollars,"Shop Carolina Herrera Bad Boy 100ml for authentic designer scent performance, long-lasting wear, and confident all-day projection for modern men.",active
azzaro-the-most-wanted-100ml,Azzaro The Most Wanted 100ml,"<p>Azzaro The Most Wanted 100ml is a amber spicy men's fragrance built around a refined designer profile that remains highly wearable. It typically delivers 8-10 hours of wear with strong sillage, making it dependable for nightlife, dates, and cold-weather nights. The composition opens with bright character, develops into a textured aromatic heart, and finishes with a smooth masculine base.</p><ul><li><strong>Top notes:</strong> Ginger</li><li><strong>Middle notes:</strong> Woody notes</li><li><strong>Base notes:</strong> Bourbon vanilla</li></ul><p>Best suited to nightlife, dates, and cold-weather nights, this fragrance is aimed at men who want a bold, sweet-spicy statement fragrance. It is a strong option for customers who want authentic designer quality with reliable performance in a dropship catalog.</p>",Azzaro,Health & Beauty > Personal Care > Cosmetics > Perfume & Cologne,Eau de Parfum,"Azzaro,men,designer,amber spicy,date,evening,fall,winter",TRUE,Size,100ml,AZZARO-THEMOSTWANTED-100,500,shopify,50,deny,manual,125.00,165.00,TRUE,TRUE,,1,Azzaro The Most Wanted 100ml cologne bottle - authentic designer fragrance,Buy Azzaro The Most Wanted | Authentic | Dumbdollars,"Shop Azzaro The Most Wanted 100ml for authentic designer scent performance, long-lasting wear, and confident all-day projection for modern men.",active
mont-blanc-legend-100ml,Mont Blanc Legend 100ml,"<p>Mont Blanc Legend 100ml is a aromatic fougere fruity men's fragrance built around a refined designer profile that remains highly wearable. It typically delivers 6-8 hours of wear with moderate sillage, making it dependable for office wear, daytime outings, and easy daily rotation. The composition opens with bright character, develops into a textured aromatic heart, and finishes with a smooth masculine base.</p><ul><li><strong>Top notes:</strong> Lavender, pineapple, bergamot, lemon verbena</li><li><strong>Middle notes:</strong> Red apple, dried fruits, oak moss, geranium, rose, coumarin</li><li><strong>Base notes:</strong> Tonka bean, sandalwood</li></ul><p>Best suited to office wear, daytime outings, and easy daily rotation, this fragrance is aimed at men who want a smooth, versatile and approachable scent. It is a strong option for customers who want authentic designer quality with reliable performance in a dropship catalog.</p>",Mont Blanc,Health & Beauty > Personal Care > Cosmetics > Perfume & Cologne,Cologne,"Mont Blanc,men,designer,aromatic fougere fruity,work,daily,spring,all-season",TRUE,Size,100ml,MONTBLANC-LEGEND-100,500,shopify,50,deny,manual,88.00,115.00,TRUE,TRUE,,1,Mont Blanc Legend 100ml cologne bottle - authentic designer fragrance,Buy Mont Blanc Legend | Authentic | Dumbdollars,"Shop Mont Blanc Legend 100ml for authentic designer scent performance, long-lasting wear, and confident all-day projection for modern men.",active
chanel-allure-homme-sport-100ml,Chanel Allure Homme Sport 100ml,"<p>Chanel Allure Homme Sport 100ml is a citrus aromatic men's fragrance built around a refined designer profile that remains highly wearable. It typically delivers 6-8 hours of wear with moderate sillage, making it dependable for warm-weather wear, gym-to-office transitions, and weekends. The composition opens with bright character, develops into a textured aromatic heart, and finishes with a smooth masculine base.</p><ul><li><strong>Top notes:</strong> Orange, sea notes, aldehydes, blood mandarin</li><li><strong>Middle notes:</strong> Pepper, neroli, cedar</li><li><strong>Base notes:</strong> Tonka bean, vanilla, white musk, amber, vetiver, elemi resin</li></ul><p>Best suited to warm-weather wear, gym-to-office transitions, and weekends, this fragrance is aimed at men who prefer energetic citrus freshness with creamy woods. It is a strong option for customers who want authentic designer quality with reliable performance in a dropship catalog.</p>",Chanel,Health & Beauty > Personal Care > Cosmetics > Perfume & Cologne,Cologne,"Chanel,men,designer,citrus aromatic,work,summer,casual,daily",TRUE,Size,100ml,CHANEL-ALLUREHOMMESPORT-100,500,shopify,50,deny,manual,145.00,189.00,TRUE,TRUE,,1,Chanel Allure Homme Sport 100ml cologne bottle - authentic designer fragrance,Buy Chanel Allure Homme Sport | Authentic | Dumbdollars,"Shop Chanel Allure Homme Sport 100ml for authentic designer scent performance, long-lasting wear, and confident all-day projection for modern men.",active
giorgio-armani-stronger-with-you-100ml,Giorgio Armani Stronger With You 100ml,"<p>Giorgio Armani Stronger With You 100ml is a oriental fougere sweet men's fragrance built around a refined designer profile that remains highly wearable. It typically delivers 8-10 hours of wear with moderate to strong sillage, making it dependable for date nights, evening events, and colder seasons. The composition opens with bright character, develops into a textured aromatic heart, and finishes with a smooth masculine base.</p><ul><li><strong>Top notes:</strong> Chestnut, sugar</li><li><strong>Middle notes:</strong> Sage, lavender</li><li><strong>Base notes:</strong> Vanilla, smoky accord</li></ul><p>Best suited to date nights, evening events, and colder seasons, this fragrance is aimed at men who enjoy warm sweet fragrances with cozy depth. It is a strong option for customers who want authentic designer quality with reliable performance in a dropship catalog.</p>",Giorgio Armani,Health & Beauty > Personal Care > Cosmetics > Perfume & Cologne,Cologne,"Giorgio Armani,men,designer,oriental fougere sweet,date,evening,fall,winter",TRUE,Size,100ml,ARMANI-STRONGERWITHYOU-100,500,shopify,50,deny,manual,120.00,159.00,TRUE,TRUE,,1,Giorgio Armani Stronger With You 100ml cologne bottle - authentic designer fragrance,Buy Giorgio Armani Stronger With | Authentic | Dumbdollars,"Shop Giorgio Armani Stronger With You 100ml for authentic designer scent performance, long-lasting wear, and confident all-day projection for modern.",active
