SKU,Title,Category,Price,Main Image,Additional Images,Source URL
HCOLOR-SET10-001-007465,Bleach Party 20 Volume Lightening Kit,bleach-lightener,25.29,https://www.sallybeauty.com/dw/image/v2/BCSM_PRD/on/demandware.static/-/Sites-SBS-SallyBeautySupply/default/dw5c650eb7/images/large/SBS-007465-1.jpg?sw=750&sh=750&sfrm=png,https://www.sallybeauty.com/dw/image/v2/BCSM_PRD/on/demandware.static/-/Sites-SBS-SallyBeautySupply/default/dwe75798d9/images/large/SBS-007465-2.jpg?sw=750&sh=750&sfrm=png | https://www.sallybeauty.com/dw/image/v2/BCSM_PRD/on/demandware.static/-/Sites-SBS-SallyBeautySupply/default/dwd24d2899/images/large/SBS-007465-3.jpg?sw=750&sh=750&sfrm=png | https://www.sallybeauty.com/dw/image/v2/BCSM_PRD/on/demandware.static/-/Sites-SBS-SallyBeautySupply/default/dwd66e4b5e/images/large/SBS-007465-4.jpg?sw=750&sh=750&sfrm=png | https://www.sallybeauty.com/dw/image/v2/BCSM_PRD/on/demandware.static/-/Sites-SBS-SallyBeautySupply/default/dw1068900b/images/large/SBS-007465-5.jpg?sw=750&sh=750&sfrm=png,https://www.sallybeauty.com/hair-color/other-products-and-applications/bleach-and-lightener/bleach-party-20-volume-lightening-kit/SBS-007465.html
HCOLOR-SET10-002-004783,"Bleach, Please Complete Lightening Kit",bleach-lightener,19.99,https://www.sallybeauty.com/dw/image/v2/BCSM_PRD/on/demandware.static/-/Sites-SBS-SallyBeautySupply/default/dwbb5187aa/images/large/SBS-004783-1.jpg?sw=750&sh=750&sfrm=png,https://www.sallybeauty.com/dw/image/v2/BCSM_PRD/on/demandware.static/-/Sites-SBS-SallyBeautySupply/default/dw57e6fd32/images/large/SBS-004783-2.jpg?sw=750&sh=750&sfrm=png | https://www.sallybeauty.com/dw/image/v2/BCSM_PRD/on/demandware.static/-/Sites-SBS-SallyBeautySupply/default/dw17233ad6/images/large/SBS-004783-4.jpg?sw=750&sh=750&sfrm=png | https://www.sallybeauty.com/dw/image/v2/BCSM_PRD/on/demandware.static/-/Sites-SBS-SallyBeautySupply/default/dw641fbdee/images/large/SBS-004783-5.jpg?sw=750&sh=750&sfrm=png | https://www.sallybeauty.com/dw/image/v2/BCSM_PRD/on/demandware.static/-/Sites-SBS-SallyBeautySupply/default/dwf8e17c67/images/large/SBS-004783.jpg?sw=750&sh=750&sfrm=png,https://www.sallybeauty.com/hair-color/other-products-and-applications/bleach-and-lightener/bleach-please-complete-lightening-kit/SBS-004783.html
HCOLOR-SET10-003-320969,Blue Powder Lightener Packette,bleach-lightener,6.99,https://www.sallybeauty.com/dw/image/v2/BCSM_PRD/on/demandware.static/-/Sites-SBS-SallyBeautySupply/default/dw9090c6cd/images/large/SBS-320969-1.jpg?sw=750&sh=750&sfrm=png,https://www.sallybeauty.com/dw/image/v2/BCSM_PRD/on/demandware.static/-/Sites-SBS-SallyBeautySupply/default/dw9a14253c/images/large/SBS-320969-2.jpg?sw=750&sh=750&sfrm=png | https://www.sallybeauty.com/dw/image/v2/BCSM_PRD/on/demandware.static/-/Sites-SBS-SallyBeautySupply/default/dw810c1c1e/images/large/SBS-320969-3.jpg?sw=750&sh=750&sfrm=png | https://www.sallybeauty.com/dw/image/v2/BCSM_PRD/on/demandware.static/-/Sites-SBS-SallyBeautySupply/default/dwc0de405e/images/large/SBS-320969.jpg?sw=750&sh=750&sfrm=png | https://www.sallybeauty.com/dw/image/v2/BCSM_PRD/on/demandware.static/-/Sites-SBS-SallyBeautySupply/default/dw9090c6cd/images/large/SBS-320969-1.jpg?sw=1500&sh=1500&sfrm=png,https://www.sallybeauty.com/hair-color/other-products-and-applications/bleach-and-lightener/blue-powder-lightener-packette/SBS-320969.html
HCOLOR-SET10-004-320964,Blue Powder Lightener Tub,bleach-lightener,19.99,https://www.sallybeauty.com/dw/image/v2/BCSM_PRD/on/demandware.static/-/Sites-SBS-SallyBeautySupply/default/dwdc93f4fc/images/large/SBS-320964-1.jpg?sw=750&sh=750&sfrm=png,https://www.sallybeauty.com/dw/image/v2/BCSM_PRD/on/demandware.static/-/Sites-SBS-SallyBeautySupply/default/dwb42e29b5/images/large/SBS-320964-2.jpg?sw=750&sh=750&sfrm=png | https://www.sallybeauty.com/dw/image/v2/BCSM_PRD/on/demandware.static/-/Sites-SBS-SallyBeautySupply/default/dw433ae6bf/images/large/SBS-320964-3.jpg?sw=750&sh=750&sfrm=png | https://www.sallybeauty.com/dw/image/v2/BCSM_PRD/on/demandware.static/-/Sites-SBS-SallyBeautySupply/default/dw5d8ad0a5/images/large/SBS-320964-4.jpg?sw=750&sh=750&sfrm=png | https://www.sallybeauty.com/dw/image/v2/BCSM_PRD/on/demandware.static/-/Sites-SBS-SallyBeautySupply/default/dw82229c16/images/large/SBS-320964.jpg?sw=750&sh=750&sfrm=png,https://www.sallybeauty.com/hair-color/other-products-and-applications/bleach-and-lightener/blue-powder-lightener-tub/SBS-320964.html
HCOLOR-SET10-005-018740,Bonding Technology Lightener Tub 16 oz,bleach-lightener,25.49,https://www.sallybeauty.com/dw/image/v2/BCSM_PRD/on/demandware.static/-/Sites-SBS-SallyBeautySupply/default/dwa0f3998d/images/large/SBS-018740-1.jpg?sw=750&sh=750&sfrm=png,https://www.sallybeauty.com/dw/image/v2/BCSM_PRD/on/demandware.static/-/Sites-SBS-SallyBeautySupply/default/dw364c34f8/images/large/SBS-018740.jpg?sw=750&sh=750&sfrm=png | https://www.sallybeauty.com/dw/image/v2/BCSM_PRD/on/demandware.static/-/Sites-SBS-SallyBeautySupply/default/dwa0f3998d/images/large/SBS-018740-1.jpg?sw=1500&sh=1500&sfrm=png | https://www.sallybeauty.com/dw/image/v2/BCSM_PRD/on/demandware.static/-/Sites-SBS-SallyBeautySupply/default/dwa0f3998d/images/large/SBS-018740-1.png?sw=650&sh=650 | https://www.sallybeauty.com/dw/image/v2/BCSM_PRD/on/demandware.static/-/Sites-SBS-SallyBeautySupply/default/dw364c34f8/images/large/SBS-018740.jpg?sw=1500&sh=1500&sfrm=png,https://www.sallybeauty.com/hair-color/other-products-and-applications/bleach-and-lightener/bonding-technology-lightener-tub-16-oz/SBS-018740.html
HCOLOR-SET10-006-320974,Clear Ice Powder Lightener Packette,bleach-lightener,6.99,https://www.sallybeauty.com/dw/image/v2/BCSM_PRD/on/demandware.static/-/Sites-SBS-SallyBeautySupply/default/dw93d2eb33/images/large/SBS-320974-1.jpg?sw=750&sh=750&sfrm=png,https://www.sallybeauty.com/dw/image/v2/BCSM_PRD/on/demandware.static/-/Sites-SBS-SallyBeautySupply/default/dwdfcc70c4/images/large/SBS-320974-2.jpg?sw=750&sh=750&sfrm=png | https://www.sallybeauty.com/dw/image/v2/BCSM_PRD/on/demandware.static/-/Sites-SBS-SallyBeautySupply/default/dw284b9ce2/images/large/SBS-320974-3.jpg?sw=750&sh=750&sfrm=png | https://www.sallybeauty.com/dw/image/v2/BCSM_PRD/on/demandware.static/-/Sites-SBS-SallyBeautySupply/default/dw0b3b81e6/images/large/SBS-320974.jpg?sw=750&sh=750&sfrm=png | https://www.sallybeauty.com/dw/image/v2/BCSM_PRD/on/demandware.static/-/Sites-SBS-SallyBeautySupply/default/dw93d2eb33/images/large/SBS-320974-1.jpg?sw=1500&sh=1500&sfrm=png,https://www.sallybeauty.com/hair-color/other-products-and-applications/bleach-and-lightener/clear-ice-powder-lightener-packette/SBS-320974.html
HCOLOR-SET10-007-009031,Curl Lights Step 1: Lightening Cream,bleach-lightener,7.64,https://www.sallybeauty.com/dw/image/v2/BCSM_PRD/on/demandware.static/-/Sites-SBS-SallyBeautySupply/default/dw0b4cbfeb/images/large/SBS-009031-1.jpg?sw=750&sh=750&sfrm=png,https://www.sallybeauty.com/dw/image/v2/BCSM_PRD/on/demandware.static/-/Sites-SBS-SallyBeautySupply/default/dw4543a4f8/images/large/SBS-009031-2.jpg?sw=750&sh=750&sfrm=png | https://www.sallybeauty.com/dw/image/v2/BCSM_PRD/on/demandware.static/-/Sites-SBS-SallyBeautySupply/default/dw9e013b50/images/large/SBS-009031-3.jpg?sw=750&sh=750&sfrm=png | https://www.sallybeauty.com/dw/image/v2/BCSM_PRD/on/demandware.static/-/Sites-SBS-SallyBeautySupply/default/dw29eab835/images/large/SBS-009031-4.jpg?sw=750&sh=750&sfrm=png | https://www.sallybeauty.com/dw/image/v2/BCSM_PRD/on/demandware.static/-/Sites-SBS-SallyBeautySupply/default/dwc5802983/images/large/SBS-009031.jpg?sw=750&sh=750&sfrm=png,https://www.sallybeauty.com/hair-color/other-products-and-applications/bleach-and-lightener/curl-lights-step-1-lightening-cream/SBS-009031.html
HCOLOR-SET10-008-003474,Hair Lightening Kit,bleach-lightener,18.99,https://www.sallybeauty.com/dw/image/v2/BCSM_PRD/on/demandware.static/-/Sites-SBS-SallyBeautySupply/default/dw5f16637b/images/large/SBS-003474-1.jpg?sw=750&sh=750&sfrm=png,https://www.sallybeauty.com/dw/image/v2/BCSM_PRD/on/demandware.static/-/Sites-SBS-SallyBeautySupply/default/dwc1f53c30/images/large/SBS-003474-2.jpg?sw=750&sh=750&sfrm=png | https://www.sallybeauty.com/dw/image/v2/BCSM_PRD/on/demandware.static/-/Sites-SBS-SallyBeautySupply/default/dw55f0fa0d/images/large/SBS-003474-3.jpg?sw=750&sh=750&sfrm=png | https://www.sallybeauty.com/dw/image/v2/BCSM_PRD/on/demandware.static/-/Sites-SBS-SallyBeautySupply/default/dw436efcaf/images/large/SBS-003474-4.jpg?sw=750&sh=750&sfrm=png | https://www.sallybeauty.com/dw/image/v2/BCSM_PRD/on/demandware.static/-/Sites-SBS-SallyBeautySupply/default/dw28ab9463/images/large/SBS-003474-5.jpg?sw=750&sh=750&sfrm=png,https://www.sallybeauty.com/hair-color/other-products-and-applications/bleach-and-lightener/hair-lightening-kit/SBS-003474.html
HCOLOR-SET10-009-015615,10 Volume Crème Developer 4 Oz,developer,7.49,https://www.sallybeauty.com/dw/image/v2/BCSM_PRD/on/demandware.static/-/Sites-SBS-SallyBeautySupply/default/dw7a1441dc/images/large/SBS-015615-1.jpg?sw=750&sh=750&sfrm=png,https://www.sallybeauty.com/dw/image/v2/BCSM_PRD/on/demandware.static/-/Sites-SBS-SallyBeautySupply/default/dwa741f118/images/large/SBS-015615.jpg?sw=750&sh=750&sfrm=png | https://www.sallybeauty.com/dw/image/v2/BCSM_PRD/on/demandware.static/-/Sites-SBS-SallyBeautySupply/default/dw7a1441dc/images/large/SBS-015615-1.jpg?sw=1500&sh=1500&sfrm=png | https://www.sallybeauty.com/dw/image/v2/BCSM_PRD/on/demandware.static/-/Sites-SBS-SallyBeautySupply/default/dw7a1441dc/images/large/SBS-015615-1.png?sw=650&sh=650 | https://www.sallybeauty.com/dw/image/v2/BCSM_PRD/on/demandware.static/-/Sites-SBS-SallyBeautySupply/default/dwa741f118/images/large/SBS-015615.jpg?sw=1500&sh=1500&sfrm=png,https://www.sallybeauty.com/hair-color/other-products-and-applications/developer/10-volume-cr%C3%A8me-developer-4-oz/SBS-015615.html
HCOLOR-SET10-010-800281,20 Volume Cream Developer 32 Oz,developer,9.99,https://www.sallybeauty.com/dw/image/v2/BCSM_PRD/on/demandware.static/-/Sites-SBS-SallyBeautySupply/default/dw733af857/images/large/SBS-800281-1.jpg?sw=750&sh=750&sfrm=png,https://www.sallybeauty.com/dw/image/v2/BCSM_PRD/on/demandware.static/-/Sites-SBS-SallyBeautySupply/default/dw6ec1a283/images/large/SBS-800281.jpg?sw=750&sh=750&sfrm=png | https://www.sallybeauty.com/dw/image/v2/BCSM_PRD/on/demandware.static/-/Sites-SBS-SallyBeautySupply/default/dw733af857/images/large/SBS-800281-1.jpg?sw=1500&sh=1500&sfrm=png | https://www.sallybeauty.com/dw/image/v2/BCSM_PRD/on/demandware.static/-/Sites-SBS-SallyBeautySupply/default/dw733af857/images/large/SBS-800281-1.png?sw=650&sh=650 | https://www.sallybeauty.com/dw/image/v2/BCSM_PRD/on/demandware.static/-/Sites-SBS-SallyBeautySupply/default/dw6ec1a283/images/large/SBS-800281.jpg?sw=1500&sh=1500&sfrm=png,https://www.sallybeauty.com/hair-color/other-products-and-applications/developer/20-volume-cream-developer-32-oz/SBS-800281.html
HCOLOR-SET10-011-007012,20 Volume Developer,developer,1.50,https://www.sallybeauty.com/dw/image/v2/BCSM_PRD/on/demandware.static/-/Sites-SBS-SallyBeautySupply/default/dwcb0c94db/images/large/SBS-007012-1.jpg?sw=750&sh=750&sfrm=png,https://www.sallybeauty.com/dw/image/v2/BCSM_PRD/on/demandware.static/-/Sites-SBS-SallyBeautySupply/default/dw63ce97f4/images/large/SBS-007012.jpg?sw=750&sh=750&sfrm=png | https://www.sallybeauty.com/dw/image/v2/BCSM_PRD/on/demandware.static/-/Sites-SBS-SallyBeautySupply/default/dwcb0c94db/images/large/SBS-007012-1.jpg?sw=1500&sh=1500&sfrm=png | https://www.sallybeauty.com/dw/image/v2/BCSM_PRD/on/demandware.static/-/Sites-SBS-SallyBeautySupply/default/dwcb0c94db/images/large/SBS-007012-1.png?sw=650&sh=650 | https://www.sallybeauty.com/dw/image/v2/BCSM_PRD/on/demandware.static/-/Sites-SBS-SallyBeautySupply/default/dw63ce97f4/images/large/SBS-007012.jpg?sw=1500&sh=1500&sfrm=png,https://www.sallybeauty.com/hair-color/other-products-and-applications/developer/20-volume-developer/SBS-007012.html
HCOLOR-SET10-012-124600,20 Volume Gentle Creme Developer 4 Oz,developer,5.79,https://www.sallybeauty.com/dw/image/v2/BCSM_PRD/on/demandware.static/-/Sites-SBS-SallyBeautySupply/default/dwec20ef0f/images/large/SBS-124600-1.jpg?sw=750&sh=750&sfrm=png,https://www.sallybeauty.com/dw/image/v2/BCSM_PRD/on/demandware.static/-/Sites-SBS-SallyBeautySupply/default/dwfe69815b/images/large/SBS-124600.jpg?sw=750&sh=750&sfrm=png | https://www.sallybeauty.com/dw/image/v2/BCSM_PRD/on/demandware.static/-/Sites-SBS-SallyBeautySupply/default/dwec20ef0f/images/large/SBS-124600-1.jpg?sw=1500&sh=1500&sfrm=png | https://www.sallybeauty.com/dw/image/v2/BCSM_PRD/on/demandware.static/-/Sites-SBS-SallyBeautySupply/default/dwec20ef0f/images/large/SBS-124600-1.png?sw=650&sh=650 | https://www.sallybeauty.com/dw/image/v2/BCSM_PRD/on/demandware.static/-/Sites-SBS-SallyBeautySupply/default/dwfe69815b/images/large/SBS-124600.jpg?sw=1500&sh=1500&sfrm=png,https://www.sallybeauty.com/hair-color/other-products-and-applications/developer/20-volume-gentle-creme-developer-4-oz/SBS-124600.html
HCOLOR-SET10-013-305030,Bright White Sensitive Scalp Developer 10 Volume,developer,5.19,https://www.sallybeauty.com/dw/image/v2/BCSM_PRD/on/demandware.static/-/Sites-SBS-SallyBeautySupply/default/dw78778a7d/images/large/SBS-305030-1.jpg?sw=750&sh=750&sfrm=png,https://www.sallybeauty.com/dw/image/v2/BCSM_PRD/on/demandware.static/-/Sites-SBS-SallyBeautySupply/default/dwf64e1e74/images/large/SBS-305030.jpg?sw=750&sh=750&sfrm=png | https://www.sallybeauty.com/dw/image/v2/BCSM_PRD/on/demandware.static/-/Sites-SBS-SallyBeautySupply/default/dw78778a7d/images/large/SBS-305030-1.jpg?sw=1500&sh=1500&sfrm=png | https://www.sallybeauty.com/dw/image/v2/BCSM_PRD/on/demandware.static/-/Sites-SBS-SallyBeautySupply/default/dw78778a7d/images/large/SBS-305030-1.png?sw=650&sh=650 | https://www.sallybeauty.com/dw/image/v2/BCSM_PRD/on/demandware.static/-/Sites-SBS-SallyBeautySupply/default/dwf64e1e74/images/large/SBS-305030.jpg?sw=1500&sh=1500&sfrm=png,https://www.sallybeauty.com/hair-color/other-products-and-applications/developer/bright-white-sensitive-scalp-developer-10-volume/SBS-305030.html
HCOLOR-SET10-014-305031,Bright White Sensitive Scalp Developer 20 Volume,developer,5.19,https://www.sallybeauty.com/dw/image/v2/BCSM_PRD/on/demandware.static/-/Sites-SBS-SallyBeautySupply/default/dw8e5b1a56/images/large/SBS-305031-1.jpg?sw=750&sh=750&sfrm=png,https://www.sallybeauty.com/dw/image/v2/BCSM_PRD/on/demandware.static/-/Sites-SBS-SallyBeautySupply/default/dw195b9563/images/large/SBS-305031.jpg?sw=750&sh=750&sfrm=png | https://www.sallybeauty.com/dw/image/v2/BCSM_PRD/on/demandware.static/-/Sites-SBS-SallyBeautySupply/default/dw8e5b1a56/images/large/SBS-305031-1.jpg?sw=1500&sh=1500&sfrm=png | https://www.sallybeauty.com/dw/image/v2/BCSM_PRD/on/demandware.static/-/Sites-SBS-SallyBeautySupply/default/dw8e5b1a56/images/large/SBS-305031-1.png?sw=650&sh=650 | https://www.sallybeauty.com/dw/image/v2/BCSM_PRD/on/demandware.static/-/Sites-SBS-SallyBeautySupply/default/dw195b9563/images/large/SBS-305031.jpg?sw=1500&sh=1500&sfrm=png,https://www.sallybeauty.com/hair-color/other-products-and-applications/developer/bright-white-sensitive-scalp-developer-20-volume/SBS-305031.html
HCOLOR-SET10-015-009032,Cream Developer 30-Volume,developer,11.09,https://www.sallybeauty.com/dw/image/v2/BCSM_PRD/on/demandware.static/-/Sites-SBS-SallyBeautySupply/default/dw27387627/images/large/SBS-009032-1.jpg?sw=750&sh=750&sfrm=png,https://www.sallybeauty.com/dw/image/v2/BCSM_PRD/on/demandware.static/-/Sites-SBS-SallyBeautySupply/default/dw2e3fc50e/images/large/SBS-009032.jpg?sw=750&sh=750&sfrm=png | https://www.sallybeauty.com/dw/image/v2/BCSM_PRD/on/demandware.static/-/Sites-SBS-SallyBeautySupply/default/dw27387627/images/large/SBS-009032-1.jpg?sw=1500&sh=1500&sfrm=png | https://www.sallybeauty.com/dw/image/v2/BCSM_PRD/on/demandware.static/-/Sites-SBS-SallyBeautySupply/default/dw27387627/images/large/SBS-009032-1.png?sw=650&sh=650 | https://www.sallybeauty.com/dw/image/v2/BCSM_PRD/on/demandware.static/-/Sites-SBS-SallyBeautySupply/default/dw2e3fc50e/images/large/SBS-009032.jpg?sw=1500&sh=1500&sfrm=png,https://www.sallybeauty.com/hair-color/other-products-and-applications/developer/cream-developer-30-volume/SBS-009032.html
HCOLOR-SET10-016-009033,Cream Developer 40 Volume 32 Oz,developer,11.09,https://www.sallybeauty.com/dw/image/v2/BCSM_PRD/on/demandware.static/-/Sites-SBS-SallyBeautySupply/default/dw87cd6646/images/large/SBS-009033-1.jpg?sw=750&sh=750&sfrm=png,https://www.sallybeauty.com/dw/image/v2/BCSM_PRD/on/demandware.static/-/Sites-SBS-SallyBeautySupply/default/dw7e3ce396/images/large/SBS-009033.jpg?sw=750&sh=750&sfrm=png | https://www.sallybeauty.com/dw/image/v2/BCSM_PRD/on/demandware.static/-/Sites-SBS-SallyBeautySupply/default/dw87cd6646/images/large/SBS-009033-1.jpg?sw=1500&sh=1500&sfrm=png | https://www.sallybeauty.com/dw/image/v2/BCSM_PRD/on/demandware.static/-/Sites-SBS-SallyBeautySupply/default/dw87cd6646/images/large/SBS-009033-1.png?sw=650&sh=650 | https://www.sallybeauty.com/dw/image/v2/BCSM_PRD/on/demandware.static/-/Sites-SBS-SallyBeautySupply/default/dw7e3ce396/images/large/SBS-009033.jpg?sw=1500&sh=1500&sfrm=png,https://www.sallybeauty.com/hair-color/other-products-and-applications/developer/cream-developer-40-volume-32-oz/SBS-009033.html
HCOLOR-SET10-017-018939,Crème Activator,developer,6.99,https://www.sallybeauty.com/dw/image/v2/BCSM_PRD/on/demandware.static/-/Sites-SBS-SallyBeautySupply/default/dw13a91b24/images/large/SBS-018939-1.jpg?sw=750&sh=750&sfrm=png,https://www.sallybeauty.com/dw/image/v2/BCSM_PRD/on/demandware.static/-/Sites-SBS-SallyBeautySupply/default/dw3401f3ad/images/large/SBS-018939-2.jpg?sw=750&sh=750&sfrm=png | https://www.sallybeauty.com/dw/image/v2/BCSM_PRD/on/demandware.static/-/Sites-SBS-SallyBeautySupply/default/dw57833a76/images/large/SBS-018939.jpg?sw=750&sh=750&sfrm=png | https://www.sallybeauty.com/dw/image/v2/BCSM_PRD/on/demandware.static/-/Sites-SBS-SallyBeautySupply/default/dw13a91b24/images/large/SBS-018939-1.jpg?sw=1500&sh=1500&sfrm=png | https://www.sallybeauty.com/dw/image/v2/BCSM_PRD/on/demandware.static/-/Sites-SBS-SallyBeautySupply/default/dw3401f3ad/images/large/SBS-018939-2.jpg?sw=1500&sh=1500&sfrm=png,https://www.sallybeauty.com/hair-color/other-products-and-applications/developer/cr%C3%A8me-activator/SBS-018939.html
HCOLOR-SET10-018-800272,Beige Blonde Permanent Liquid Toner,toner,9.99,https://www.sallybeauty.com/dw/image/v2/BCSM_PRD/on/demandware.static/-/Sites-SBS-SallyBeautySupply/default/dwcae60cea/images/large/SBS-800272-1.jpg?sw=750&sh=750&sfrm=png,https://www.sallybeauty.com/dw/image/v2/BCSM_PRD/on/demandware.static/-/Sites-SBS-SallyBeautySupply/default/dw7ddab4fe/images/large/SBS-800272-2.jpg?sw=750&sh=750&sfrm=png | https://www.sallybeauty.com/dw/image/v2/BCSM_PRD/on/demandware.static/-/Sites-SBS-SallyBeautySupply/default/dwdb9fd651/images/large/SBS-800272-3.jpg?sw=750&sh=750&sfrm=png | https://www.sallybeauty.com/dw/image/v2/BCSM_PRD/on/demandware.static/-/Sites-SBS-SallyBeautySupply/default/dw3d94d3e5/images/large/SBS-800272-4.jpg?sw=750&sh=750&sfrm=png | https://www.sallybeauty.com/dw/image/v2/BCSM_PRD/on/demandware.static/-/Sites-SBS-SallyBeautySupply/default/dw5b3a8536/images/large/SBS-800272-5.jpg?sw=750&sh=750&sfrm=png,https://www.sallybeauty.com/hair-color/other-products-and-applications/toner/beige-blonde-permanent-liquid-toner/SBS-800272.html
HCOLOR-SET10-019-018926,Cooling Ash Bonding Toner Demi-Permanent Hair Color,toner,12.99,https://www.sallybeauty.com/dw/image/v2/BCSM_PRD/on/demandware.static/-/Sites-SBS-SallyBeautySupply/default/dwc604232f/images/large/SBS-018926-1.jpg?sw=750&sh=750&sfrm=png,https://www.sallybeauty.com/dw/image/v2/BCSM_PRD/on/demandware.static/-/Sites-SBS-SallyBeautySupply/default/dw86ea20c8/images/large/SBS-018926-2.jpg?sw=750&sh=750&sfrm=png | https://www.sallybeauty.com/dw/image/v2/BCSM_PRD/on/demandware.static/-/Sites-SBS-SallyBeautySupply/default/dw9fb8a3b0/images/large/SBS-018926-3.jpg?sw=750&sh=750&sfrm=png | https://www.sallybeauty.com/dw/image/v2/BCSM_PRD/on/demandware.static/-/Sites-SBS-SallyBeautySupply/default/dw2ccd55a4/images/large/SBS-018926-4.jpg?sw=750&sh=750&sfrm=png | https://www.sallybeauty.com/dw/image/v2/BCSM_PRD/on/demandware.static/-/Sites-SBS-SallyBeautySupply/default/dw04f1fbc6/images/large/SBS-018926.jpg?sw=750&sh=750&sfrm=png,https://www.sallybeauty.com/hair-color/other-products-and-applications/toner/cooling-ash-bonding-toner-demi-permanent-hair-color/SBS-018926.html
HCOLOR-SET10-020-018930,High Gloss Clear Bonding Toner Demi-Permanent Hair Color,toner,12.99,https://www.sallybeauty.com/dw/image/v2/BCSM_PRD/on/demandware.static/-/Sites-SBS-SallyBeautySupply/default/dw2e4a92e9/images/large/SBS-018930-1.jpg?sw=750&sh=750&sfrm=png,https://www.sallybeauty.com/dw/image/v2/BCSM_PRD/on/demandware.static/-/Sites-SBS-SallyBeautySupply/default/dwc4c29471/images/large/SBS-018930-2.jpg?sw=750&sh=750&sfrm=png | https://www.sallybeauty.com/dw/image/v2/BCSM_PRD/on/demandware.static/-/Sites-SBS-SallyBeautySupply/default/dwa53f1b5a/images/large/SBS-018930-3.jpg?sw=750&sh=750&sfrm=png | https://www.sallybeauty.com/dw/image/v2/BCSM_PRD/on/demandware.static/-/Sites-SBS-SallyBeautySupply/default/dw8cbd8c8a/images/large/SBS-018930-4.jpg?sw=750&sh=750&sfrm=png | https://www.sallybeauty.com/dw/image/v2/BCSM_PRD/on/demandware.static/-/Sites-SBS-SallyBeautySupply/default/dw791035a9/images/large/SBS-018930.jpg?sw=750&sh=750&sfrm=png,https://www.sallybeauty.com/hair-color/other-products-and-applications/toner/bonding-high-gloss-clear/SBS-018930.html
HCOLOR-SET10-021-019388,Intense Ash Blonde Permanent Liquid Toner,toner,9.99,https://www.sallybeauty.com/dw/image/v2/BCSM_PRD/on/demandware.static/-/Sites-SBS-SallyBeautySupply/default/dw0360639e/images/large/SBS-019388-1.jpg?sw=750&sh=750&sfrm=png,https://www.sallybeauty.com/dw/image/v2/BCSM_PRD/on/demandware.static/-/Sites-SBS-SallyBeautySupply/default/dw0130c0d7/images/large/SBS-019388-2.jpg?sw=750&sh=750&sfrm=png | https://www.sallybeauty.com/dw/image/v2/BCSM_PRD/on/demandware.static/-/Sites-SBS-SallyBeautySupply/default/dw9770126a/images/large/SBS-019388-3.jpg?sw=750&sh=750&sfrm=png | https://www.sallybeauty.com/dw/image/v2/BCSM_PRD/on/demandware.static/-/Sites-SBS-SallyBeautySupply/default/dwcbaf0072/images/large/SBS-019388-4.jpg?sw=750&sh=750&sfrm=png | https://www.sallybeauty.com/dw/image/v2/BCSM_PRD/on/demandware.static/-/Sites-SBS-SallyBeautySupply/default/dwd8161258/images/large/SBS-019388-5.jpg?sw=750&sh=750&sfrm=png,https://www.sallybeauty.com/hair-color/other-products-and-applications/toner/intense-ash-blonde-permanent-liquid-toner/SBS-019388.html
HCOLOR-SET10-022-800274,Pale Ash Blonde Permanent Liquid Toner,toner,9.99,https://www.sallybeauty.com/dw/image/v2/BCSM_PRD/on/demandware.static/-/Sites-SBS-SallyBeautySupply/default/dw47af9ef6/images/large/SBS-800274-1.jpg?sw=750&sh=750&sfrm=png,https://www.sallybeauty.com/dw/image/v2/BCSM_PRD/on/demandware.static/-/Sites-SBS-SallyBeautySupply/default/dw9a235ffc/images/large/SBS-800274-2.jpg?sw=750&sh=750&sfrm=png | https://www.sallybeauty.com/dw/image/v2/BCSM_PRD/on/demandware.static/-/Sites-SBS-SallyBeautySupply/default/dw186065cd/images/large/SBS-800274-3.jpg?sw=750&sh=750&sfrm=png | https://www.sallybeauty.com/dw/image/v2/BCSM_PRD/on/demandware.static/-/Sites-SBS-SallyBeautySupply/default/dw13c7b9e1/images/large/SBS-800274-4.jpg?sw=750&sh=750&sfrm=png | https://www.sallybeauty.com/dw/image/v2/BCSM_PRD/on/demandware.static/-/Sites-SBS-SallyBeautySupply/default/dw0cdec715/images/large/SBS-800274-5.jpg?sw=750&sh=750&sfrm=png,https://www.sallybeauty.com/hair-color/other-products-and-applications/toner/pale-ash-blonde-permanent-liquid-toner/SBS-800274.html
HCOLOR-SET10-023-018927,Pale Violet Bonding Toner Demi-Permanent Hair Color,toner,12.99,https://www.sallybeauty.com/dw/image/v2/BCSM_PRD/on/demandware.static/-/Sites-SBS-SallyBeautySupply/default/dwed05ceee/images/large/SBS-018927-1.jpg?sw=750&sh=750&sfrm=png,https://www.sallybeauty.com/dw/image/v2/BCSM_PRD/on/demandware.static/-/Sites-SBS-SallyBeautySupply/default/dwbe2cd94d/images/large/SBS-018927-2.jpg?sw=750&sh=750&sfrm=png | https://www.sallybeauty.com/dw/image/v2/BCSM_PRD/on/demandware.static/-/Sites-SBS-SallyBeautySupply/default/dw35570853/images/large/SBS-018927-3.jpg?sw=750&sh=750&sfrm=png | https://www.sallybeauty.com/dw/image/v2/BCSM_PRD/on/demandware.static/-/Sites-SBS-SallyBeautySupply/default/dwddc7cd5c/images/large/SBS-018927-4.jpg?sw=750&sh=750&sfrm=png | https://www.sallybeauty.com/dw/image/v2/BCSM_PRD/on/demandware.static/-/Sites-SBS-SallyBeautySupply/default/dwf4a58780/images/large/SBS-018927.jpg?sw=750&sh=750&sfrm=png,https://www.sallybeauty.com/hair-color/other-products-and-applications/toner/pale-violet-bonding-toner-demi-permanent-hair-color/SBS-018927.html
HCOLOR-SET10-024-019367,1B Blue Black Permanent Liqui-Crème Hair Color,permanent-dye,13.19,https://www.sallybeauty.com/dw/image/v2/BCSM_PRD/on/demandware.static/-/Sites-SBS-SallyBeautySupply/default/dwb46d8b7d/images/large/SBS-019367-1.jpg?sw=750&sh=750&sfrm=png,https://www.sallybeauty.com/dw/image/v2/BCSM_PRD/on/demandware.static/-/Sites-SBS-SallyBeautySupply/default/dwc15023a0/images/large/SBS-019367-2.jpg?sw=750&sh=750&sfrm=png | https://www.sallybeauty.com/dw/image/v2/BCSM_PRD/on/demandware.static/-/Sites-SBS-SallyBeautySupply/default/dw4015a9fe/images/large/SBS-019367-3.jpg?sw=750&sh=750&sfrm=png | https://www.sallybeauty.com/dw/image/v2/BCSM_PRD/on/demandware.static/-/Sites-SBS-SallyBeautySupply/default/dw28c3fdf7/images/large/SBS-019367.jpg?sw=750&sh=750&sfrm=png | https://www.sallybeauty.com/dw/image/v2/BCSM_PRD/on/demandware.static/-/Sites-SBS-SallyBeautySupply/default/dwb46d8b7d/images/large/SBS-019367-1.jpg?sw=1500&sh=1500&sfrm=png,https://www.sallybeauty.com/hair-color/shop-by-type/permanent-hair-color/1b-blue-black-permanent-liqui-cr%C3%A8me-hair-color/SBS-019367.html
HCOLOR-SET10-025-019361,5RR Intense Red Permanent Liqui-Crème Hair Color,permanent-dye,13.19,https://www.sallybeauty.com/dw/image/v2/BCSM_PRD/on/demandware.static/-/Sites-SBS-SallyBeautySupply/default/dw5025be6a/images/large/SBS-019361-1.jpg?sw=750&sh=750&sfrm=png,https://www.sallybeauty.com/dw/image/v2/BCSM_PRD/on/demandware.static/-/Sites-SBS-SallyBeautySupply/default/dwbf838361/images/large/SBS-019361-2.jpg?sw=750&sh=750&sfrm=png | https://www.sallybeauty.com/dw/image/v2/BCSM_PRD/on/demandware.static/-/Sites-SBS-SallyBeautySupply/default/dw78a0de48/images/large/SBS-019361-3.jpg?sw=750&sh=750&sfrm=png | https://www.sallybeauty.com/dw/image/v2/BCSM_PRD/on/demandware.static/-/Sites-SBS-SallyBeautySupply/default/dw8da28127/images/large/SBS-019361.jpg?sw=750&sh=750&sfrm=png | https://www.sallybeauty.com/dw/image/v2/BCSM_PRD/on/demandware.static/-/Sites-SBS-SallyBeautySupply/default/dw5025be6a/images/large/SBS-019361-1.jpg?sw=1500&sh=1500&sfrm=png,https://www.sallybeauty.com/hair-color/shop-by-type/permanent-hair-color/5rr-intense-red-permanent-liqui-cr%C3%A8me-hair-color/SBS-019361.html
HCOLOR-SET10-026-500243,HiColor Red HiLights Copper Permanent Creme Hair Color,permanent-dye,13.19,https://www.sallybeauty.com/dw/image/v2/BCSM_PRD/on/demandware.static/-/Sites-SBS-SallyBeautySupply/default/dw56598b07/images/large/SBS-500243-1.jpg?sw=750&sh=750&sfrm=png,https://www.sallybeauty.com/dw/image/v2/BCSM_PRD/on/demandware.static/-/Sites-SBS-SallyBeautySupply/default/dwc7df534e/images/large/SBS-500243-2.jpg?sw=750&sh=750&sfrm=png | https://www.sallybeauty.com/dw/image/v2/BCSM_PRD/on/demandware.static/-/Sites-SBS-SallyBeautySupply/default/dw10841dca/images/large/SBS-500243-3.jpg?sw=750&sh=750&sfrm=png | https://www.sallybeauty.com/dw/image/v2/BCSM_PRD/on/demandware.static/-/Sites-SBS-SallyBeautySupply/default/dwfbac0444/images/large/SBS-500243-4.jpg?sw=750&sh=750&sfrm=png | https://www.sallybeauty.com/dw/image/v2/BCSM_PRD/on/demandware.static/-/Sites-SBS-SallyBeautySupply/default/dwa06df14d/images/large/SBS-500243.jpg?sw=750&sh=750&sfrm=png,https://www.sallybeauty.com/hair-color/shop-by-color/red-hair-color/hicolor-red-hilights-copper-permanent-creme-hair-color/SBS-500243.html
HCOLOR-SET10-027-500240,HiColor Red HiLights Magenta Permanent Creme Hair Color,permanent-dye,13.19,https://www.sallybeauty.com/dw/image/v2/BCSM_PRD/on/demandware.static/-/Sites-SBS-SallyBeautySupply/default/dw3b83c5eb/images/large/SBS-500240-1.jpg?sw=750&sh=750&sfrm=png,https://www.sallybeauty.com/dw/image/v2/BCSM_PRD/on/demandware.static/-/Sites-SBS-SallyBeautySupply/default/dwcaae367d/images/large/SBS-500240-2.jpg?sw=750&sh=750&sfrm=png | https://www.sallybeauty.com/dw/image/v2/BCSM_PRD/on/demandware.static/-/Sites-SBS-SallyBeautySupply/default/dw83b24cb6/images/large/SBS-500240-3.jpg?sw=750&sh=750&sfrm=png | https://www.sallybeauty.com/dw/image/v2/BCSM_PRD/on/demandware.static/-/Sites-SBS-SallyBeautySupply/default/dw4ef66559/images/large/SBS-500240-4.jpg?sw=750&sh=750&sfrm=png | https://www.sallybeauty.com/dw/image/v2/BCSM_PRD/on/demandware.static/-/Sites-SBS-SallyBeautySupply/default/dw3923bd4e/images/large/SBS-500240.jpg?sw=750&sh=750&sfrm=png,https://www.sallybeauty.com/hair-color/shop-by-color/red-hair-color/hicolor-red-hilights-magenta-permanent-creme-hair-color/SBS-500240.html
HCOLOR-SET10-028-500241,HiColor Red HiLights Red Permanent Creme Hair Color,permanent-dye,13.19,https://www.sallybeauty.com/dw/image/v2/BCSM_PRD/on/demandware.static/-/Sites-SBS-SallyBeautySupply/default/dwf004ab74/images/large/SBS-500241-1.jpg?sw=750&sh=750&sfrm=png,https://www.sallybeauty.com/dw/image/v2/BCSM_PRD/on/demandware.static/-/Sites-SBS-SallyBeautySupply/default/dw36994c2b/images/large/SBS-500241-2.jpg?sw=750&sh=750&sfrm=png | https://www.sallybeauty.com/dw/image/v2/BCSM_PRD/on/demandware.static/-/Sites-SBS-SallyBeautySupply/default/dw0ecb1d81/images/large/SBS-500241-3.jpg?sw=750&sh=750&sfrm=png | https://www.sallybeauty.com/dw/image/v2/BCSM_PRD/on/demandware.static/-/Sites-SBS-SallyBeautySupply/default/dw2c22628f/images/large/SBS-500241-4.jpg?sw=750&sh=750&sfrm=png | https://www.sallybeauty.com/dw/image/v2/BCSM_PRD/on/demandware.static/-/Sites-SBS-SallyBeautySupply/default/dw67c6bb2d/images/large/SBS-500241.jpg?sw=750&sh=750&sfrm=png,https://www.sallybeauty.com/hair-color/shop-by-color/red-hair-color/hicolor-red-hilights-red-permanent-creme-hair-color/SBS-500241.html
HCOLOR-SET10-029-500269,Intense Red Permanent Creme Hair Color,permanent-dye,13.19,https://www.sallybeauty.com/dw/image/v2/BCSM_PRD/on/demandware.static/-/Sites-SBS-SallyBeautySupply/default/dw9bb6d8e4/images/large/SBS-500269-1.jpg?sw=750&sh=750&sfrm=png,https://www.sallybeauty.com/dw/image/v2/BCSM_PRD/on/demandware.static/-/Sites-SBS-SallyBeautySupply/default/dw6fd515fb/images/large/SBS-500269-2.jpg?sw=750&sh=750&sfrm=png | https://www.sallybeauty.com/dw/image/v2/BCSM_PRD/on/demandware.static/-/Sites-SBS-SallyBeautySupply/default/dw385ba41a/images/large/SBS-500269-3.jpg?sw=750&sh=750&sfrm=png | https://www.sallybeauty.com/dw/image/v2/BCSM_PRD/on/demandware.static/-/Sites-SBS-SallyBeautySupply/default/dw4af36515/images/large/SBS-500269-4.jpg?sw=750&sh=750&sfrm=png | https://www.sallybeauty.com/dw/image/v2/BCSM_PRD/on/demandware.static/-/Sites-SBS-SallyBeautySupply/default/dwaa847784/images/large/SBS-500269.jpg?sw=750&sh=750&sfrm=png,https://www.sallybeauty.com/hair-color/shop-by-color/red-hair-color/intense-red-permanent-creme-hair-color/SBS-500269.html
HCOLOR-SET10-030-007355,All In This Together Semi Permanent Hair Color,semi-permanent-dye,18.99,https://www.sallybeauty.com/dw/image/v2/BCSM_PRD/on/demandware.static/-/Sites-SBS-SallyBeautySupply/default/dwed98a9e3/images/large/SBS-007355-1.jpg?sw=750&sh=750&sfrm=png,https://www.sallybeauty.com/dw/image/v2/BCSM_PRD/on/demandware.static/-/Sites-SBS-SallyBeautySupply/default/dwbcead31c/images/large/SBS-007355-2.jpg?sw=750&sh=750&sfrm=png | https://www.sallybeauty.com/dw/image/v2/BCSM_PRD/on/demandware.static/-/Sites-SBS-SallyBeautySupply/default/dwaded5cab/images/large/SBS-007355-3.jpg?sw=750&sh=750&sfrm=png | https://www.sallybeauty.com/dw/image/v2/BCSM_PRD/on/demandware.static/-/Sites-SBS-SallyBeautySupply/default/dw445b2124/images/large/SBS-007355-4.jpg?sw=750&sh=750&sfrm=png | https://www.sallybeauty.com/dw/image/v2/BCSM_PRD/on/demandware.static/-/Sites-SBS-SallyBeautySupply/default/dw3067532b/images/large/SBS-007355-5.jpg?sw=750&sh=750&sfrm=png,https://www.sallybeauty.com/hair-color/shop-by-color/red-hair-color/all-in-this-together-semi-permanent-hair-color/SBS-007355.html
HCOLOR-SET10-031-009577,B44W Intense Red Semi Permanent Moisturizing Hair Color,semi-permanent-dye,11.49,https://www.sallybeauty.com/dw/image/v2/BCSM_PRD/on/demandware.static/-/Sites-SBS-SallyBeautySupply/default/dw8408a34b/images/large/SBS-009577-1.jpg?sw=750&sh=750&sfrm=png,https://www.sallybeauty.com/dw/image/v2/BCSM_PRD/on/demandware.static/-/Sites-SBS-SallyBeautySupply/default/dw5101b377/images/large/SBS-009577-2.jpg?sw=750&sh=750&sfrm=png | https://www.sallybeauty.com/dw/image/v2/BCSM_PRD/on/demandware.static/-/Sites-SBS-SallyBeautySupply/default/dwbdb6bccc/images/large/SBS-009577-3.jpg?sw=750&sh=750&sfrm=png | https://www.sallybeauty.com/dw/image/v2/BCSM_PRD/on/demandware.static/-/Sites-SBS-SallyBeautySupply/default/dw84e72599/images/large/SBS-009577-4.jpg?sw=750&sh=750&sfrm=png | https://www.sallybeauty.com/dw/image/v2/BCSM_PRD/on/demandware.static/-/Sites-SBS-SallyBeautySupply/default/dw26d14176/images/large/SBS-009577-5.jpg?sw=750&sh=750&sfrm=png,https://www.sallybeauty.com/hair-color/shop-by-type/semi-permanent-hair-color/b44w-intense-red-semi-permanent-moisturizing-hair-color/SBS-009577.html
HCOLOR-SET10-032-007835,Red Direct Vibes Semi Permanent Hair Color,semi-permanent-dye,16.49,https://www.sallybeauty.com/dw/image/v2/BCSM_PRD/on/demandware.static/-/Sites-SBS-SallyBeautySupply/default/dw83565623/images/large/SBS-007835-1.jpg?sw=750&sh=750&sfrm=png,https://www.sallybeauty.com/dw/image/v2/BCSM_PRD/on/demandware.static/-/Sites-SBS-SallyBeautySupply/default/dwbf8fcf36/images/large/SBS-007835.jpg?sw=750&sh=750&sfrm=png | https://www.sallybeauty.com/dw/image/v2/BCSM_PRD/on/demandware.static/-/Sites-SBS-SallyBeautySupply/default/dw83565623/images/large/SBS-007835-1.jpg?sw=1500&sh=1500&sfrm=png | https://www.sallybeauty.com/dw/image/v2/BCSM_PRD/on/demandware.static/-/Sites-SBS-SallyBeautySupply/default/dw83565623/images/large/SBS-007835-1.png?sw=650&sh=650 | https://www.sallybeauty.com/dw/image/v2/BCSM_PRD/on/demandware.static/-/Sites-SBS-SallyBeautySupply/default/dwbf8fcf36/images/large/SBS-007835.jpg?sw=1500&sh=1500&sfrm=png,https://www.sallybeauty.com/hair-color/shop-by-type/semi-permanent-hair-color/red-direct-vibes-semi-permanent-hair-color/SBS-007835.html
HCOLOR-SET10-033-025051,Semi-Permanent Brights Hair Color Titanium,semi-permanent-dye,11.49,https://www.sallybeauty.com/dw/image/v2/BCSM_PRD/on/demandware.static/-/Sites-SBS-SallyBeautySupply/default/dw556209fc/images/large/SBS-025051-1.jpg?sw=750&sh=750&sfrm=png,https://www.sallybeauty.com/dw/image/v2/BCSM_PRD/on/demandware.static/-/Sites-SBS-SallyBeautySupply/default/dwea60754c/images/large/SBS-025051-2.jpg?sw=750&sh=750&sfrm=png | https://www.sallybeauty.com/dw/image/v2/BCSM_PRD/on/demandware.static/-/Sites-SBS-SallyBeautySupply/default/dw3f658c5c/images/large/SBS-025051-3.jpg?sw=750&sh=750&sfrm=png | https://www.sallybeauty.com/dw/image/v2/BCSM_PRD/on/demandware.static/-/Sites-SBS-SallyBeautySupply/default/dwffb16691/images/large/SBS-025051-4.jpg?sw=750&sh=750&sfrm=png | https://www.sallybeauty.com/dw/image/v2/BCSM_PRD/on/demandware.static/-/Sites-SBS-SallyBeautySupply/default/dw2d46134f/images/large/SBS-025051-5.jpg?sw=750&sh=750&sfrm=png,https://www.sallybeauty.com/hair-color/shop-by-type/semi-permanent-hair-color/semi-permanent-brights-hair-color-titanium/SBS-025051.html
HCOLOR-SET10-034-005972,Semi-Permanent Hair Color Muse,semi-permanent-dye,8.79,https://www.sallybeauty.com/dw/image/v2/BCSM_PRD/on/demandware.static/-/Sites-SBS-SallyBeautySupply/default/dwf151f34d/images/large/SBS-005972-1.jpg?sw=750&sh=750&sfrm=png,https://www.sallybeauty.com/dw/image/v2/BCSM_PRD/on/demandware.static/-/Sites-SBS-SallyBeautySupply/default/dwf2e88d19/images/large/SBS-005972-2.jpg?sw=750&sh=750&sfrm=png | https://www.sallybeauty.com/dw/image/v2/BCSM_PRD/on/demandware.static/-/Sites-SBS-SallyBeautySupply/default/dwe89475b6/images/large/SBS-005972-3.jpg?sw=750&sh=750&sfrm=png | https://www.sallybeauty.com/dw/image/v2/BCSM_PRD/on/demandware.static/-/Sites-SBS-SallyBeautySupply/default/dwd119985f/images/large/SBS-005972-4.jpg?sw=750&sh=750&sfrm=png | https://www.sallybeauty.com/dw/image/v2/BCSM_PRD/on/demandware.static/-/Sites-SBS-SallyBeautySupply/default/dw4d7d68b0/images/large/SBS-005972.jpg?sw=750&sh=750&sfrm=png,https://www.sallybeauty.com/hair-color/shop-by-type/semi-permanent-hair-color/semi-permanent-hair-color-muse/SBS-005972.html
HCOLOR-SET10-035-005973,Semi-Permanent Hair Color Paradox,semi-permanent-dye,8.79,https://www.sallybeauty.com/dw/image/v2/BCSM_PRD/on/demandware.static/-/Sites-SBS-SallyBeautySupply/default/dwd1932016/images/large/SBS-005973-1.jpg?sw=750&sh=750&sfrm=png,https://www.sallybeauty.com/dw/image/v2/BCSM_PRD/on/demandware.static/-/Sites-SBS-SallyBeautySupply/default/dwcaed0380/images/large/SBS-005973-2.jpg?sw=750&sh=750&sfrm=png | https://www.sallybeauty.com/dw/image/v2/BCSM_PRD/on/demandware.static/-/Sites-SBS-SallyBeautySupply/default/dw79dcedb2/images/large/SBS-005973-3.jpg?sw=750&sh=750&sfrm=png | https://www.sallybeauty.com/dw/image/v2/BCSM_PRD/on/demandware.static/-/Sites-SBS-SallyBeautySupply/default/dw3c3892b9/images/large/SBS-005973-4.jpg?sw=750&sh=750&sfrm=png | https://www.sallybeauty.com/dw/image/v2/BCSM_PRD/on/demandware.static/-/Sites-SBS-SallyBeautySupply/default/dwf3863ccd/images/large/SBS-005973.jpg?sw=750&sh=750&sfrm=png,https://www.sallybeauty.com/hair-color/shop-by-type/semi-permanent-hair-color/semi-permanent-hair-color-paradox/SBS-005973.html
HCOLOR-SET10-036-292722,Balayage Board & Tint Brush Kit,tools-foils,11.99,https://www.sallybeauty.com/dw/image/v2/BCSM_PRD/on/demandware.static/-/Sites-SBS-SallyBeautySupply/default/dwcf7fb851/images/large/SBS-292722-1.jpg?sw=750&sh=750&sfrm=png,https://www.sallybeauty.com/dw/image/v2/BCSM_PRD/on/demandware.static/-/Sites-SBS-SallyBeautySupply/default/dw1595eed7/images/large/SBS-292722.jpg?sw=750&sh=750&sfrm=png | https://www.sallybeauty.com/dw/image/v2/BCSM_PRD/on/demandware.static/-/Sites-SBS-SallyBeautySupply/default/dwcf7fb851/images/large/SBS-292722-1.jpg?sw=1500&sh=1500&sfrm=png | https://www.sallybeauty.com/dw/image/v2/BCSM_PRD/on/demandware.static/-/Sites-SBS-SallyBeautySupply/default/dwcf7fb851/images/large/SBS-292722-1.png?sw=650&sh=650 | https://www.sallybeauty.com/dw/image/v2/BCSM_PRD/on/demandware.static/-/Sites-SBS-SallyBeautySupply/default/dw1595eed7/images/large/SBS-292722.jpg?sw=1500&sh=1500&sfrm=png,https://www.sallybeauty.com/hair-color/other-products-and-applications/hair-color-accessories/balayage-board-and-tint-brush-kit/SBS-292722.html
HCOLOR-SET10-037-292303,Full-Size Foil Sheets 200 ct,tools-foils,11.49,https://www.sallybeauty.com/dw/image/v2/BCSM_PRD/on/demandware.static/-/Sites-SBS-SallyBeautySupply/default/dw10c32987/images/large/SBS-292303-1.jpg?sw=750&sh=750&sfrm=png,https://www.sallybeauty.com/dw/image/v2/BCSM_PRD/on/demandware.static/-/Sites-SBS-SallyBeautySupply/default/dw568f8a05/images/large/SBS-292303.jpg?sw=750&sh=750&sfrm=png | https://www.sallybeauty.com/dw/image/v2/BCSM_PRD/on/demandware.static/-/Sites-SBS-SallyBeautySupply/default/dw10c32987/images/large/SBS-292303-1.jpg?sw=1500&sh=1500&sfrm=png | https://www.sallybeauty.com/dw/image/v2/BCSM_PRD/on/demandware.static/-/Sites-SBS-SallyBeautySupply/default/dw10c32987/images/large/SBS-292303-1.png?sw=650&sh=650 | https://www.sallybeauty.com/dw/image/v2/BCSM_PRD/on/demandware.static/-/Sites-SBS-SallyBeautySupply/default/dw568f8a05/images/large/SBS-292303.jpg?sw=1500&sh=1500&sfrm=png,https://www.sallybeauty.com/hair-color/other-products-and-applications/hair-color-accessories/full-size-foil-sheets-200-ct/SBS-292303.html
HCOLOR-SET10-038-292702,Hair Color Mixing Bowl,tools-foils,4.49,https://www.sallybeauty.com/dw/image/v2/BCSM_PRD/on/demandware.static/-/Sites-SBS-SallyBeautySupply/default/dw53065ee4/images/large/SBS-292702-1.jpg?sw=750&sh=750&sfrm=png,https://www.sallybeauty.com/dw/image/v2/BCSM_PRD/on/demandware.static/-/Sites-SBS-SallyBeautySupply/default/dwcaa9df5c/images/large/SBS-292702-4.jpg?sw=750&sh=750&sfrm=png | https://www.sallybeauty.com/dw/image/v2/BCSM_PRD/on/demandware.static/-/Sites-SBS-SallyBeautySupply/default/dw0cbca061/images/large/SBS-292702.jpg?sw=750&sh=750&sfrm=png | https://www.sallybeauty.com/dw/image/v2/BCSM_PRD/on/demandware.static/-/Sites-SBS-SallyBeautySupply/default/dw53065ee4/images/large/SBS-292702-1.jpg?sw=1500&sh=1500&sfrm=png | https://www.sallybeauty.com/dw/image/v2/BCSM_PRD/on/demandware.static/-/Sites-SBS-SallyBeautySupply/default/dwcaa9df5c/images/large/SBS-292702-4.jpg?sw=1500&sh=1500&sfrm=png,https://www.sallybeauty.com/hair-color/other-products-and-applications/hair-color-accessories/hair-color-mixing-bowl/SBS-292702.html
HCOLOR-SET10-039-702509,Professional Foil Roll,tools-foils,21.99,https://www.sallybeauty.com/dw/image/v2/BCSM_PRD/on/demandware.static/-/Sites-SBS-SallyBeautySupply/default/dwc6f1cc17/images/large/SBS-702509-1.jpg?sw=750&sh=750&sfrm=png,https://www.sallybeauty.com/dw/image/v2/BCSM_PRD/on/demandware.static/-/Sites-SBS-SallyBeautySupply/default/dw516c66c7/images/large/SBS-702509-2.jpg?sw=750&sh=750&sfrm=png | https://www.sallybeauty.com/dw/image/v2/BCSM_PRD/on/demandware.static/-/Sites-SBS-SallyBeautySupply/default/dw5f3c04ee/images/large/SBS-702509-3.jpg?sw=750&sh=750&sfrm=png | https://www.sallybeauty.com/dw/image/v2/BCSM_PRD/on/demandware.static/-/Sites-SBS-SallyBeautySupply/default/dw19e2d51e/images/large/SBS-702509.jpg?sw=750&sh=750&sfrm=png | https://www.sallybeauty.com/dw/image/v2/BCSM_PRD/on/demandware.static/-/Sites-SBS-SallyBeautySupply/default/dwc6f1cc17/images/large/SBS-702509-1.jpg?sw=1500&sh=1500&sfrm=png,https://www.sallybeauty.com/hair-color/other-products-and-applications/hair-color-accessories/professional-foil-roll/SBS-702509.html
HCOLOR-SET10-040-305962,Purple Extra Wide Jumbo Tint Brush,tools-foils,2.19,https://www.sallybeauty.com/dw/image/v2/BCSM_PRD/on/demandware.static/-/Sites-SBS-SallyBeautySupply/default/dwff738b77/images/large/SBS-305962.jpg?sw=750&sh=750&sfrm=png,https://www.sallybeauty.com/dw/image/v2/BCSM_PRD/on/demandware.static/-/Sites-SBS-SallyBeautySupply/default/dwff738b77/images/large/SBS-305962.jpg?sw=1500&sh=1500&sfrm=png | https://www.sallybeauty.com/dw/image/v2/BCSM_PRD/on/demandware.static/-/Sites-SBS-SallyBeautySupply/default/dwff738b77/images/large/SBS-305962.png?sw=650&sh=650 | https://www.sallybeauty.com/dw/image/v2/BCSM_PRD/on/demandware.static/-/Sites-SBS-SallyBeautySupply/default/dwff738b77/images/large/SBS-305962.png?sw=70&sh=70 | https://www.sallybeauty.com/dw/image/v2/BCSM_PRD/on/demandware.static/-/Sites-SBS-SallyBeautySupply/default/dwff738b77/images/large/SBS-305962.jpg?sw=650&sh=650,https://www.sallybeauty.com/hair-color/other-products-and-applications/hair-color-accessories/purple-extra-wide-jumbo-tint-brush/SBS-305962.html
HCOLOR-SET10-041-580178,See-Thru Foil Sheets,tools-foils,4.39,https://www.sallybeauty.com/dw/image/v2/BCSM_PRD/on/demandware.static/-/Sites-SBS-SallyBeautySupply/default/dw01894001/images/large/SBS-580178-1.jpg?sw=750&sh=750&sfrm=png,https://www.sallybeauty.com/dw/image/v2/BCSM_PRD/on/demandware.static/-/Sites-SBS-SallyBeautySupply/default/dweea06364/images/large/SBS-580178.jpg?sw=750&sh=750&sfrm=png | https://www.sallybeauty.com/dw/image/v2/BCSM_PRD/on/demandware.static/-/Sites-SBS-SallyBeautySupply/default/dw01894001/images/large/SBS-580178-1.jpg?sw=1500&sh=1500&sfrm=png | https://www.sallybeauty.com/dw/image/v2/BCSM_PRD/on/demandware.static/-/Sites-SBS-SallyBeautySupply/default/dw01894001/images/large/SBS-580178-1.png?sw=650&sh=650 | https://www.sallybeauty.com/dw/image/v2/BCSM_PRD/on/demandware.static/-/Sites-SBS-SallyBeautySupply/default/dweea06364/images/large/SBS-580178.jpg?sw=1500&sh=1500&sfrm=png,https://www.sallybeauty.com/hair-color/other-products-and-applications/hair-color-accessories/see-thru-foil-sheets/SBS-580178.html
HCOLOR-SET10-042-320024,Shimmer Lights Conditioning Purple Shampoo for Blonde & Silver 16 oz,color-care-shampoo,13.99,https://www.sallybeauty.com/dw/image/v2/BCSM_PRD/on/demandware.static/-/Sites-SBS-SallyBeautySupply/default/dw12632d0b/images/large/SBS-320024-1.jpg?sw=750&sh=750&sfrm=png,https://www.sallybeauty.com/dw/image/v2/BCSM_PRD/on/demandware.static/-/Sites-SBS-SallyBeautySupply/default/dw49126f8e/images/large/SBS-320024-2.jpg?sw=750&sh=750&sfrm=png | https://www.sallybeauty.com/dw/image/v2/BCSM_PRD/on/demandware.static/-/Sites-SBS-SallyBeautySupply/default/dw19bc4949/images/large/SBS-320024-3.jpg?sw=750&sh=750&sfrm=png | https://www.sallybeauty.com/dw/image/v2/BCSM_PRD/on/demandware.static/-/Sites-SBS-SallyBeautySupply/default/dwe6d75225/images/large/SBS-320024-4.jpg?sw=750&sh=750&sfrm=png | https://www.sallybeauty.com/dw/image/v2/BCSM_PRD/on/demandware.static/-/Sites-SBS-SallyBeautySupply/default/dwfa4f1c1f/images/large/SBS-320024.jpg?sw=750&sh=750&sfrm=png,https://www.sallybeauty.com/shop-by-shade/silver-and-gray-hair-shop/shimmer-lights-conditioning-purple-shampoo-for-blonde-and-silver-16-oz/SBS-320024.html
HCOLOR-SET10-043-320022,Shimmer Lights Conditioning Purple Shampoo for Blonde & Silver 8 oz,color-care-shampoo,9.99,https://www.sallybeauty.com/dw/image/v2/BCSM_PRD/on/demandware.static/-/Sites-SBS-SallyBeautySupply/default/dw010d2081/images/large/SBS-320022-1.jpg?sw=750&sh=750&sfrm=png,https://www.sallybeauty.com/dw/image/v2/BCSM_PRD/on/demandware.static/-/Sites-SBS-SallyBeautySupply/default/dw0578a1f2/images/large/SBS-320022-2.jpg?sw=750&sh=750&sfrm=png | https://www.sallybeauty.com/dw/image/v2/BCSM_PRD/on/demandware.static/-/Sites-SBS-SallyBeautySupply/default/dw7d2b0eb7/images/large/SBS-320022-3.jpg?sw=750&sh=750&sfrm=png | https://www.sallybeauty.com/dw/image/v2/BCSM_PRD/on/demandware.static/-/Sites-SBS-SallyBeautySupply/default/dw804e19be/images/large/SBS-320022-4.jpg?sw=750&sh=750&sfrm=png | https://www.sallybeauty.com/dw/image/v2/BCSM_PRD/on/demandware.static/-/Sites-SBS-SallyBeautySupply/default/dw71c7a7e9/images/large/SBS-320022.jpg?sw=750&sh=750&sfrm=png,https://www.sallybeauty.com/shop-by-shade/silver-and-gray-hair-shop/shimmer-lights-conditioning-purple-shampoo-for-blonde-and-silver-8-oz/SBS-320022.html
HCOLOR-SET10-044-320062,Shimmer Lights Purple Conditioner for Blonde & Silver,color-care-conditioner,13.99,https://www.sallybeauty.com/dw/image/v2/BCSM_PRD/on/demandware.static/-/Sites-SBS-SallyBeautySupply/default/dwb62fb7de/images/large/SBS-320062-1.jpg?sw=750&sh=750&sfrm=png,https://www.sallybeauty.com/dw/image/v2/BCSM_PRD/on/demandware.static/-/Sites-SBS-SallyBeautySupply/default/dwfeba0612/images/large/SBS-320062-2.jpg?sw=750&sh=750&sfrm=png | https://www.sallybeauty.com/dw/image/v2/BCSM_PRD/on/demandware.static/-/Sites-SBS-SallyBeautySupply/default/dw48684df3/images/large/SBS-320062-3.jpg?sw=750&sh=750&sfrm=png | https://www.sallybeauty.com/dw/image/v2/BCSM_PRD/on/demandware.static/-/Sites-SBS-SallyBeautySupply/default/dw895fcb6f/images/large/SBS-320062-4.jpg?sw=750&sh=750&sfrm=png | https://www.sallybeauty.com/dw/image/v2/BCSM_PRD/on/demandware.static/-/Sites-SBS-SallyBeautySupply/default/dwb16d1b97/images/large/SBS-320062.jpg?sw=750&sh=750&sfrm=png,https://www.sallybeauty.com/shop-by-shade/silver-and-gray-hair-shop/shimmer-lights-purple-conditioner-for-blonde-and-silver/SBS-320062.html
HCOLOR-SET10-045-004754,Shimmer Lights Purple Toning Mask,color-care-mask,11.99,https://www.sallybeauty.com/dw/image/v2/BCSM_PRD/on/demandware.static/-/Sites-SBS-SallyBeautySupply/default/dwed378bcd/images/large/SBS-004754-1.jpg?sw=750&sh=750&sfrm=png,https://www.sallybeauty.com/dw/image/v2/BCSM_PRD/on/demandware.static/-/Sites-SBS-SallyBeautySupply/default/dw286e6efd/images/large/SBS-004754-2.jpg?sw=750&sh=750&sfrm=png | https://www.sallybeauty.com/dw/image/v2/BCSM_PRD/on/demandware.static/-/Sites-SBS-SallyBeautySupply/default/dw0e3a0239/images/large/SBS-004754-3.jpg?sw=750&sh=750&sfrm=png | https://www.sallybeauty.com/dw/image/v2/BCSM_PRD/on/demandware.static/-/Sites-SBS-SallyBeautySupply/default/dw397ad0a9/images/large/SBS-004754-4.jpg?sw=750&sh=750&sfrm=png | https://www.sallybeauty.com/dw/image/v2/BCSM_PRD/on/demandware.static/-/Sites-SBS-SallyBeautySupply/default/dw0bc2903c/images/large/SBS-004754.jpg?sw=750&sh=750&sfrm=png,https://www.sallybeauty.com/shop-by-shade/silver-and-gray-hair-shop/shimmer-lights-purple-toning-mask/SBS-004754.html
HCOLOR-SET10-046-009042,SoColor Cult Color Eraser Hair Color Remover Packette,color-remover,8.79,https://www.sallybeauty.com/dw/image/v2/BCSM_PRD/on/demandware.static/-/Sites-SBS-SallyBeautySupply/default/dw1c9e2f52/images/large/SBS-009042.jpg?sw=750&sh=750&sfrm=png,https://www.sallybeauty.com/dw/image/v2/BCSM_PRD/on/demandware.static/-/Sites-SBS-SallyBeautySupply/default/dw1c9e2f52/images/large/SBS-009042.jpg?sw=1500&sh=1500&sfrm=png | https://www.sallybeauty.com/dw/image/v2/BCSM_PRD/on/demandware.static/-/Sites-SBS-SallyBeautySupply/default/dw1c9e2f52/images/large/SBS-009042.png?sw=650&sh=650 | https://www.sallybeauty.com/dw/image/v2/BCSM_PRD/on/demandware.static/-/Sites-SBS-SallyBeautySupply/default/dw1c9e2f52/images/large/SBS-009042.png?sw=70&sh=70 | https://www.sallybeauty.com/dw/image/v2/BCSM_PRD/on/demandware.static/-/Sites-SBS-SallyBeautySupply/default/dw1c9e2f52/images/large/SBS-009042.jpg?sw=650&sh=650,https://www.sallybeauty.com/hair-color/other-products-and-applications/hair-color-removers-and-correctors/socolor-cult--color-eraser-hair-color-remover-packette/SBS-009042.html
HCOLOR-SET10-047-007882,Platinum Bleach Kit,bleach-lightener,14.29,https://www.sallybeauty.com/dw/image/v2/BCSM_PRD/on/demandware.static/-/Sites-SBS-SallyBeautySupply/default/dw85ae82b6/images/large/SBS-007882.jpg?sw=750&sh=750&sfrm=png,https://www.sallybeauty.com/dw/image/v2/BCSM_PRD/on/demandware.static/-/Sites-SBS-SallyBeautySupply/default/dw85ae82b6/images/large/SBS-007882.jpg?sw=1500&sh=1500&sfrm=png | https://www.sallybeauty.com/dw/image/v2/BCSM_PRD/on/demandware.static/-/Sites-SBS-SallyBeautySupply/default/dw85ae82b6/images/large/SBS-007882.png?sw=650&sh=650 | https://www.sallybeauty.com/dw/image/v2/BCSM_PRD/on/demandware.static/-/Sites-SBS-SallyBeautySupply/default/dw85ae82b6/images/large/SBS-007882.png?sw=70&sh=70 | https://www.sallybeauty.com/dw/image/v2/BCSM_PRD/on/demandware.static/-/Sites-SBS-SallyBeautySupply/default/dw85ae82b6/images/large/SBS-007882.jpg?sw=650&sh=650,https://www.sallybeauty.com/hair-color/other-products-and-applications/bleach-and-lightener/platinum-bleach-kit/SBS-007882.html
HCOLOR-SET10-048-405198,Powder Lightener 1oz.,bleach-lightener,6.29,https://www.sallybeauty.com/dw/image/v2/BCSM_PRD/on/demandware.static/-/Sites-SBS-SallyBeautySupply/default/dw3a7c141c/images/large/SBS-405198-1.jpg?sw=750&sh=750&sfrm=png,https://www.sallybeauty.com/dw/image/v2/BCSM_PRD/on/demandware.static/-/Sites-SBS-SallyBeautySupply/default/dw9cd83864/images/large/SBS-405198.jpg?sw=750&sh=750&sfrm=png | https://www.sallybeauty.com/dw/image/v2/BCSM_PRD/on/demandware.static/-/Sites-SBS-SallyBeautySupply/default/dw3a7c141c/images/large/SBS-405198-1.jpg?sw=1500&sh=1500&sfrm=png | https://www.sallybeauty.com/dw/image/v2/BCSM_PRD/on/demandware.static/-/Sites-SBS-SallyBeautySupply/default/dw3a7c141c/images/large/SBS-405198-1.png?sw=650&sh=650 | https://www.sallybeauty.com/dw/image/v2/BCSM_PRD/on/demandware.static/-/Sites-SBS-SallyBeautySupply/default/dw9cd83864/images/large/SBS-405198.jpg?sw=1500&sh=1500&sfrm=png,https://www.sallybeauty.com/hair-color/other-products-and-applications/bleach-and-lightener/powder-lightener-1oz./SBS-405198.html
HCOLOR-SET10-049-800426,Powder Lightener Packette,bleach-lightener,6.29,https://www.sallybeauty.com/dw/image/v2/BCSM_PRD/on/demandware.static/-/Sites-SBS-SallyBeautySupply/default/dwf28fac55/images/large/SBS-800426-1.jpg?sw=750&sh=750&sfrm=png,https://www.sallybeauty.com/dw/image/v2/BCSM_PRD/on/demandware.static/-/Sites-SBS-SallyBeautySupply/default/dw014da2a8/images/large/SBS-800426.jpg?sw=750&sh=750&sfrm=png | https://www.sallybeauty.com/dw/image/v2/BCSM_PRD/on/demandware.static/-/Sites-SBS-SallyBeautySupply/default/dwf28fac55/images/large/SBS-800426-1.jpg?sw=1500&sh=1500&sfrm=png | https://www.sallybeauty.com/dw/image/v2/BCSM_PRD/on/demandware.static/-/Sites-SBS-SallyBeautySupply/default/dwf28fac55/images/large/SBS-800426-1.png?sw=650&sh=650 | https://www.sallybeauty.com/dw/image/v2/BCSM_PRD/on/demandware.static/-/Sites-SBS-SallyBeautySupply/default/dw014da2a8/images/large/SBS-800426.jpg?sw=1500&sh=1500&sfrm=png,https://www.sallybeauty.com/hair-color/other-products-and-applications/bleach-and-lightener/powder-lightener-packette/SBS-800426.html
HCOLOR-SET10-050-800425,Powder Lightener Tub,bleach-lightener,26.49,https://www.sallybeauty.com/dw/image/v2/BCSM_PRD/on/demandware.static/-/Sites-SBS-SallyBeautySupply/default/dwd4d26993/images/large/SBS-800425-1.jpg?sw=750&sh=750&sfrm=png,https://www.sallybeauty.com/dw/image/v2/BCSM_PRD/on/demandware.static/-/Sites-SBS-SallyBeautySupply/default/dwef3213f3/images/large/SBS-800425-2.jpg?sw=750&sh=750&sfrm=png | https://www.sallybeauty.com/dw/image/v2/BCSM_PRD/on/demandware.static/-/Sites-SBS-SallyBeautySupply/default/dwf29a150e/images/large/SBS-800425-3.jpg?sw=750&sh=750&sfrm=png | https://www.sallybeauty.com/dw/image/v2/BCSM_PRD/on/demandware.static/-/Sites-SBS-SallyBeautySupply/default/dw8cd47874/images/large/SBS-800425-4.jpg?sw=750&sh=750&sfrm=png | https://www.sallybeauty.com/dw/image/v2/BCSM_PRD/on/demandware.static/-/Sites-SBS-SallyBeautySupply/default/dwf6549876/images/large/SBS-800425-5.jpg?sw=750&sh=750&sfrm=png,https://www.sallybeauty.com/hair-color/other-products-and-applications/bleach-and-lightener/powder-lightener-tub/SBS-800425.html
