SKU,Title,Description,Price,Compare-at price,Inventory quantity,Product image URL,Additional image URLs,Supplier 1,Supplier 1 URL,Supplier 2,Supplier 2 URL,Supplier 3,Supplier 3 URL,Status,Tags
DROP8-001-VALE-01-4596,Valentino Uomo Born In Roma Travel Spray 10ml,"Valentino Uomo Born In Roma Travel Spray 10ml by Valentino is a popular mainstream cologne with strong buyer demand. Fresh citrus opening, aromatic heart, and smooth amber/woody dry-down. Built for everyday wear, date nights, and special events with long-lasting projection. Why customers buy it: recognizable name, gift-friendly presentation, and versatile scent profile. Supplier check link: View supplier listing",33.04,42.29,19,https://cdn.fragrancenet.com/images/photos/900x900/353183.jpg,https://images.unsplash.com/photo-1623607037050-ac8e7cce86c6?ixlib=rb-4.1.0&q=85&fm=jpg&crop=entropy&cs=srgb&dl=tron-le--eYFABw8b0c-unsplash.jpg&w=1400 | https://images.unsplash.com/photo-1635847421955-db26af776e5d?ixlib=rb-4.1.0&q=85&fm=jpg&crop=entropy&cs=srgb&dl=marie-g-Qjdzsw-lBJ4-unsplash.jpg&w=1400 | https://images.unsplash.com/photo-1717154462649-e0c67fa0f556?ixlib=rb-4.1.0&q=85&fm=jpg&crop=entropy&cs=srgb&dl=harper-sunday-mtCh6Ny8LaU-unsplash.jpg&w=1400 | https://images.unsplash.com/photo-1712995518948-93c10327836b?ixlib=rb-4.1.0&q=85&fm=jpg&crop=entropy&cs=srgb&dl=laura-chouette--bNjKyrm9CM-unsplash.jpg&w=1400,FragranceNet,https://www.fragrancenet.com/search/?gsearch=Valentino+Uomo+Born+In+Roma+Travel+Spray+10ml,FragranceX,https://www.fragrancex.com/search/search_results?search=Valentino+Uomo+Born+In+Roma+Travel+Spray+10ml,Perfume.com,https://www.perfume.com/search?keyword=Valentino+Uomo+Born+In+Roma+Travel+Spray+10ml,active,"cologne,men,valentino,mainstream,drop8,5photos"
DROP8-002-VALE-02-4596,Valentino Uomo Born In Roma 30ml,"Valentino Uomo Born In Roma 30ml by Valentino is a popular mainstream cologne with strong buyer demand. Fresh citrus opening, aromatic heart, and smooth amber/woody dry-down. Built for everyday wear, date nights, and special events with long-lasting projection. Why customers buy it: recognizable name, gift-friendly presentation, and versatile scent profile. Supplier check link: View supplier listing",61.36,78.54,24,https://cdn.fragrancenet.com/images/photos/900x900/353183.jpg,https://images.unsplash.com/photo-1635847421955-db26af776e5d?ixlib=rb-4.1.0&q=85&fm=jpg&crop=entropy&cs=srgb&dl=marie-g-Qjdzsw-lBJ4-unsplash.jpg&w=1400 | https://images.unsplash.com/photo-1717154462649-e0c67fa0f556?ixlib=rb-4.1.0&q=85&fm=jpg&crop=entropy&cs=srgb&dl=harper-sunday-mtCh6Ny8LaU-unsplash.jpg&w=1400 | https://images.unsplash.com/photo-1712995518948-93c10327836b?ixlib=rb-4.1.0&q=85&fm=jpg&crop=entropy&cs=srgb&dl=laura-chouette--bNjKyrm9CM-unsplash.jpg&w=1400 | https://images.unsplash.com/photo-1768025719875-48ed072f3084?ixlib=rb-4.1.0&q=85&fm=jpg&crop=entropy&cs=srgb&dl=tuaans-xsS6wfjFTcw-unsplash.jpg&w=1400,FragranceNet,https://www.fragrancenet.com/search/?gsearch=Valentino+Uomo+Born+In+Roma+30ml,FragranceX,https://www.fragrancex.com/search/search_results?search=Valentino+Uomo+Born+In+Roma+30ml,Perfume.com,https://www.perfume.com/search?keyword=Valentino+Uomo+Born+In+Roma+30ml,active,"cologne,men,valentino,mainstream,drop8,5photos"
DROP8-003-VALE-03-4596,Valentino Uomo Born In Roma 50ml,"Valentino Uomo Born In Roma 50ml by Valentino is a popular mainstream cologne with strong buyer demand. Fresh citrus opening, aromatic heart, and smooth amber/woody dry-down. Built for everyday wear, date nights, and special events with long-lasting projection. Why customers buy it: recognizable name, gift-friendly presentation, and versatile scent profile. Supplier check link: View supplier listing",84.96,108.75,29,https://cdn.fragrancenet.com/images/photos/900x900/353183.jpg,https://images.unsplash.com/photo-1717154462649-e0c67fa0f556?ixlib=rb-4.1.0&q=85&fm=jpg&crop=entropy&cs=srgb&dl=harper-sunday-mtCh6Ny8LaU-unsplash.jpg&w=1400 | https://images.unsplash.com/photo-1712995518948-93c10327836b?ixlib=rb-4.1.0&q=85&fm=jpg&crop=entropy&cs=srgb&dl=laura-chouette--bNjKyrm9CM-unsplash.jpg&w=1400 | https://images.unsplash.com/photo-1768025719875-48ed072f3084?ixlib=rb-4.1.0&q=85&fm=jpg&crop=entropy&cs=srgb&dl=tuaans-xsS6wfjFTcw-unsplash.jpg&w=1400 | https://images.unsplash.com/photo-1669200141274-38ae8632a86a?ixlib=rb-4.1.0&q=85&fm=jpg&crop=entropy&cs=srgb&dl=sticker-it-XlacyI9_9DI-unsplash.jpg&w=1400,FragranceNet,https://www.fragrancenet.com/search/?gsearch=Valentino+Uomo+Born+In+Roma+50ml,FragranceX,https://www.fragrancex.com/search/search_results?search=Valentino+Uomo+Born+In+Roma+50ml,Perfume.com,https://www.perfume.com/search?keyword=Valentino+Uomo+Born+In+Roma+50ml,active,"cologne,men,valentino,mainstream,drop8,5photos"
DROP8-004-VALE-04-4596,Valentino Uomo Born In Roma 100ml,"Valentino Uomo Born In Roma 100ml by Valentino is a popular mainstream cologne with strong buyer demand. Fresh citrus opening, aromatic heart, and smooth amber/woody dry-down. Built for everyday wear, date nights, and special events with long-lasting projection. Why customers buy it: recognizable name, gift-friendly presentation, and versatile scent profile. Supplier check link: View supplier listing",118.00,151.04,36,https://cdn.fragrancenet.com/images/photos/900x900/353183.jpg,https://images.unsplash.com/photo-1712995518948-93c10327836b?ixlib=rb-4.1.0&q=85&fm=jpg&crop=entropy&cs=srgb&dl=laura-chouette--bNjKyrm9CM-unsplash.jpg&w=1400 | https://images.unsplash.com/photo-1768025719875-48ed072f3084?ixlib=rb-4.1.0&q=85&fm=jpg&crop=entropy&cs=srgb&dl=tuaans-xsS6wfjFTcw-unsplash.jpg&w=1400 | https://images.unsplash.com/photo-1669200141274-38ae8632a86a?ixlib=rb-4.1.0&q=85&fm=jpg&crop=entropy&cs=srgb&dl=sticker-it-XlacyI9_9DI-unsplash.jpg&w=1400 | https://images.unsplash.com/photo-1564644411635-5ec7c9aca726?ixlib=rb-4.1.0&q=85&fm=jpg&crop=entropy&cs=srgb&dl=21-swan-3C5ZfCLSGC4-unsplash.jpg&w=1400,FragranceNet,https://www.fragrancenet.com/search/?gsearch=Valentino+Uomo+Born+In+Roma+100ml,FragranceX,https://www.fragrancex.com/search/search_results?search=Valentino+Uomo+Born+In+Roma+100ml,Perfume.com,https://www.perfume.com/search?keyword=Valentino+Uomo+Born+In+Roma+100ml,active,"cologne,men,valentino,mainstream,drop8,5photos"
DROP8-005-VALE-05-4596,Valentino Uomo Born In Roma 150ml,"Valentino Uomo Born In Roma 150ml by Valentino is a popular mainstream cologne with strong buyer demand. Fresh citrus opening, aromatic heart, and smooth amber/woody dry-down. Built for everyday wear, date nights, and special events with long-lasting projection. Why customers buy it: recognizable name, gift-friendly presentation, and versatile scent profile. Supplier check link: View supplier listing",143.96,184.27,29,https://cdn.fragrancenet.com/images/photos/900x900/353183.jpg,https://images.unsplash.com/photo-1768025719875-48ed072f3084?ixlib=rb-4.1.0&q=85&fm=jpg&crop=entropy&cs=srgb&dl=tuaans-xsS6wfjFTcw-unsplash.jpg&w=1400 | https://images.unsplash.com/photo-1669200141274-38ae8632a86a?ixlib=rb-4.1.0&q=85&fm=jpg&crop=entropy&cs=srgb&dl=sticker-it-XlacyI9_9DI-unsplash.jpg&w=1400 | https://images.unsplash.com/photo-1564644411635-5ec7c9aca726?ixlib=rb-4.1.0&q=85&fm=jpg&crop=entropy&cs=srgb&dl=21-swan-3C5ZfCLSGC4-unsplash.jpg&w=1400 | https://images.unsplash.com/photo-1683401100111-40306e381429?ixlib=rb-4.1.0&q=85&fm=jpg&crop=entropy&cs=srgb&dl=sanket-mishra-olwncwHENlQ-unsplash.jpg&w=1400,FragranceNet,https://www.fragrancenet.com/search/?gsearch=Valentino+Uomo+Born+In+Roma+150ml,FragranceX,https://www.fragrancex.com/search/search_results?search=Valentino+Uomo+Born+In+Roma+150ml,Perfume.com,https://www.perfume.com/search?keyword=Valentino+Uomo+Born+In+Roma+150ml,active,"cologne,men,valentino,mainstream,drop8,5photos"
DROP8-006-VALE-06-4596,Valentino Uomo Born In Roma 200ml,"Valentino Uomo Born In Roma 200ml by Valentino is a popular mainstream cologne with strong buyer demand. Fresh citrus opening, aromatic heart, and smooth amber/woody dry-down. Built for everyday wear, date nights, and special events with long-lasting projection. Why customers buy it: recognizable name, gift-friendly presentation, and versatile scent profile. Supplier check link: View supplier listing",167.56,214.48,22,https://cdn.fragrancenet.com/images/photos/900x900/353183.jpg,https://images.unsplash.com/photo-1669200141274-38ae8632a86a?ixlib=rb-4.1.0&q=85&fm=jpg&crop=entropy&cs=srgb&dl=sticker-it-XlacyI9_9DI-unsplash.jpg&w=1400 | https://images.unsplash.com/photo-1564644411635-5ec7c9aca726?ixlib=rb-4.1.0&q=85&fm=jpg&crop=entropy&cs=srgb&dl=21-swan-3C5ZfCLSGC4-unsplash.jpg&w=1400 | https://images.unsplash.com/photo-1683401100111-40306e381429?ixlib=rb-4.1.0&q=85&fm=jpg&crop=entropy&cs=srgb&dl=sanket-mishra-olwncwHENlQ-unsplash.jpg&w=1400 | https://images.unsplash.com/photo-1623607037050-ac8e7cce86c6?ixlib=rb-4.1.0&q=85&fm=jpg&crop=entropy&cs=srgb&dl=tron-le--eYFABw8b0c-unsplash.jpg&w=1400,FragranceNet,https://www.fragrancenet.com/search/?gsearch=Valentino+Uomo+Born+In+Roma+200ml,FragranceX,https://www.fragrancex.com/search/search_results?search=Valentino+Uomo+Born+In+Roma+200ml,Perfume.com,https://www.perfume.com/search?keyword=Valentino+Uomo+Born+In+Roma+200ml,active,"cologne,men,valentino,mainstream,drop8,5photos"
DROP8-007-VALE-07-4596,Valentino Uomo Born In Roma Gift Set,"Valentino Uomo Born In Roma Gift Set by Valentino is a popular mainstream cologne with strong buyer demand. Fresh citrus opening, aromatic heart, and smooth amber/woody dry-down. Built for everyday wear, date nights, and special events with long-lasting projection. Why customers buy it: recognizable name, gift-friendly presentation, and versatile scent profile. Supplier check link: View supplier listing",135.70,173.70,14,https://cdn.fragrancenet.com/images/photos/900x900/353183.jpg,https://images.unsplash.com/photo-1564644411635-5ec7c9aca726?ixlib=rb-4.1.0&q=85&fm=jpg&crop=entropy&cs=srgb&dl=21-swan-3C5ZfCLSGC4-unsplash.jpg&w=1400 | https://images.unsplash.com/photo-1683401100111-40306e381429?ixlib=rb-4.1.0&q=85&fm=jpg&crop=entropy&cs=srgb&dl=sanket-mishra-olwncwHENlQ-unsplash.jpg&w=1400 | https://images.unsplash.com/photo-1623607037050-ac8e7cce86c6?ixlib=rb-4.1.0&q=85&fm=jpg&crop=entropy&cs=srgb&dl=tron-le--eYFABw8b0c-unsplash.jpg&w=1400 | https://images.unsplash.com/photo-1635847421955-db26af776e5d?ixlib=rb-4.1.0&q=85&fm=jpg&crop=entropy&cs=srgb&dl=marie-g-Qjdzsw-lBJ4-unsplash.jpg&w=1400,FragranceNet,https://www.fragrancenet.com/search/?gsearch=Valentino+Uomo+Born+In+Roma+Gift+Set,FragranceX,https://www.fragrancex.com/search/search_results?search=Valentino+Uomo+Born+In+Roma+Gift+Set,Perfume.com,https://www.perfume.com/search?keyword=Valentino+Uomo+Born+In+Roma+Gift+Set,active,"cologne,men,valentino,mainstream,drop8,5photos"
DROP8-008-VALE-08-4596,Valentino Uomo Born In Roma Holiday Box,"Valentino Uomo Born In Roma Holiday Box by Valentino is a popular mainstream cologne with strong buyer demand. Fresh citrus opening, aromatic heart, and smooth amber/woody dry-down. Built for everyday wear, date nights, and special events with long-lasting projection. Why customers buy it: recognizable name, gift-friendly presentation, and versatile scent profile. Supplier check link: View supplier listing",139.24,178.23,13,https://cdn.fragrancenet.com/images/photos/900x900/353183.jpg,https://images.unsplash.com/photo-1683401100111-40306e381429?ixlib=rb-4.1.0&q=85&fm=jpg&crop=entropy&cs=srgb&dl=sanket-mishra-olwncwHENlQ-unsplash.jpg&w=1400 | https://images.unsplash.com/photo-1623607037050-ac8e7cce86c6?ixlib=rb-4.1.0&q=85&fm=jpg&crop=entropy&cs=srgb&dl=tron-le--eYFABw8b0c-unsplash.jpg&w=1400 | https://images.unsplash.com/photo-1635847421955-db26af776e5d?ixlib=rb-4.1.0&q=85&fm=jpg&crop=entropy&cs=srgb&dl=marie-g-Qjdzsw-lBJ4-unsplash.jpg&w=1400 | https://images.unsplash.com/photo-1717154462649-e0c67fa0f556?ixlib=rb-4.1.0&q=85&fm=jpg&crop=entropy&cs=srgb&dl=harper-sunday-mtCh6Ny8LaU-unsplash.jpg&w=1400,FragranceNet,https://www.fragrancenet.com/search/?gsearch=Valentino+Uomo+Born+In+Roma+Holiday+Box,FragranceX,https://www.fragrancex.com/search/search_results?search=Valentino+Uomo+Born+In+Roma+Holiday+Box,Perfume.com,https://www.perfume.com/search?keyword=Valentino+Uomo+Born+In+Roma+Holiday+Box,active,"cologne,men,valentino,mainstream,drop8,5photos"
DROP8-009-VALE-09-4596,Valentino Uomo Born In Roma Limited Edition,"Valentino Uomo Born In Roma Limited Edition by Valentino is a popular mainstream cologne with strong buyer demand. Fresh citrus opening, aromatic heart, and smooth amber/woody dry-down. Built for everyday wear, date nights, and special events with long-lasting projection. Why customers buy it: recognizable name, gift-friendly presentation, and versatile scent profile. Supplier check link: View supplier listing",127.44,163.12,12,https://cdn.fragrancenet.com/images/photos/900x900/353183.jpg,https://images.unsplash.com/photo-1623607037050-ac8e7cce86c6?ixlib=rb-4.1.0&q=85&fm=jpg&crop=entropy&cs=srgb&dl=tron-le--eYFABw8b0c-unsplash.jpg&w=1400 | https://images.unsplash.com/photo-1635847421955-db26af776e5d?ixlib=rb-4.1.0&q=85&fm=jpg&crop=entropy&cs=srgb&dl=marie-g-Qjdzsw-lBJ4-unsplash.jpg&w=1400 | https://images.unsplash.com/photo-1717154462649-e0c67fa0f556?ixlib=rb-4.1.0&q=85&fm=jpg&crop=entropy&cs=srgb&dl=harper-sunday-mtCh6Ny8LaU-unsplash.jpg&w=1400 | https://images.unsplash.com/photo-1712995518948-93c10327836b?ixlib=rb-4.1.0&q=85&fm=jpg&crop=entropy&cs=srgb&dl=laura-chouette--bNjKyrm9CM-unsplash.jpg&w=1400,FragranceNet,https://www.fragrancenet.com/search/?gsearch=Valentino+Uomo+Born+In+Roma+Limited+Edition,FragranceX,https://www.fragrancex.com/search/search_results?search=Valentino+Uomo+Born+In+Roma+Limited+Edition,Perfume.com,https://www.perfume.com/search?keyword=Valentino+Uomo+Born+In+Roma+Limited+Edition,active,"cologne,men,valentino,mainstream,drop8,5photos"
DROP8-010-VALE-10-4596,Valentino Uomo Born In Roma Refill,"Valentino Uomo Born In Roma Refill by Valentino is a popular mainstream cologne with strong buyer demand. Fresh citrus opening, aromatic heart, and smooth amber/woody dry-down. Built for everyday wear, date nights, and special events with long-lasting projection. Why customers buy it: recognizable name, gift-friendly presentation, and versatile scent profile. Supplier check link: View supplier listing",108.56,138.96,18,https://cdn.fragrancenet.com/images/photos/900x900/353183.jpg,https://images.unsplash.com/photo-1635847421955-db26af776e5d?ixlib=rb-4.1.0&q=85&fm=jpg&crop=entropy&cs=srgb&dl=marie-g-Qjdzsw-lBJ4-unsplash.jpg&w=1400 | https://images.unsplash.com/photo-1717154462649-e0c67fa0f556?ixlib=rb-4.1.0&q=85&fm=jpg&crop=entropy&cs=srgb&dl=harper-sunday-mtCh6Ny8LaU-unsplash.jpg&w=1400 | https://images.unsplash.com/photo-1712995518948-93c10327836b?ixlib=rb-4.1.0&q=85&fm=jpg&crop=entropy&cs=srgb&dl=laura-chouette--bNjKyrm9CM-unsplash.jpg&w=1400 | https://images.unsplash.com/photo-1768025719875-48ed072f3084?ixlib=rb-4.1.0&q=85&fm=jpg&crop=entropy&cs=srgb&dl=tuaans-xsS6wfjFTcw-unsplash.jpg&w=1400,FragranceNet,https://www.fragrancenet.com/search/?gsearch=Valentino+Uomo+Born+In+Roma+Refill,FragranceX,https://www.fragrancex.com/search/search_results?search=Valentino+Uomo+Born+In+Roma+Refill,Perfume.com,https://www.perfume.com/search?keyword=Valentino+Uomo+Born+In+Roma+Refill,active,"cologne,men,valentino,mainstream,drop8,5photos"
DROP8-011-VALE-11-4596,Valentino Uomo Born In Roma Duo Pack,"Valentino Uomo Born In Roma Duo Pack by Valentino is a popular mainstream cologne with strong buyer demand. Fresh citrus opening, aromatic heart, and smooth amber/woody dry-down. Built for everyday wear, date nights, and special events with long-lasting projection. Why customers buy it: recognizable name, gift-friendly presentation, and versatile scent profile. Supplier check link: View supplier listing",194.70,249.22,13,https://cdn.fragrancenet.com/images/photos/900x900/353183.jpg,https://images.unsplash.com/photo-1717154462649-e0c67fa0f556?ixlib=rb-4.1.0&q=85&fm=jpg&crop=entropy&cs=srgb&dl=harper-sunday-mtCh6Ny8LaU-unsplash.jpg&w=1400 | https://images.unsplash.com/photo-1712995518948-93c10327836b?ixlib=rb-4.1.0&q=85&fm=jpg&crop=entropy&cs=srgb&dl=laura-chouette--bNjKyrm9CM-unsplash.jpg&w=1400 | https://images.unsplash.com/photo-1768025719875-48ed072f3084?ixlib=rb-4.1.0&q=85&fm=jpg&crop=entropy&cs=srgb&dl=tuaans-xsS6wfjFTcw-unsplash.jpg&w=1400 | https://images.unsplash.com/photo-1669200141274-38ae8632a86a?ixlib=rb-4.1.0&q=85&fm=jpg&crop=entropy&cs=srgb&dl=sticker-it-XlacyI9_9DI-unsplash.jpg&w=1400,FragranceNet,https://www.fragrancenet.com/search/?gsearch=Valentino+Uomo+Born+In+Roma+Duo+Pack,FragranceX,https://www.fragrancex.com/search/search_results?search=Valentino+Uomo+Born+In+Roma+Duo+Pack,Perfume.com,https://www.perfume.com/search?keyword=Valentino+Uomo+Born+In+Roma+Duo+Pack,active,"cologne,men,valentino,mainstream,drop8,5photos"
DROP8-012-VALE-12-4596,Valentino Uomo Born In Roma Collector Edition,"Valentino Uomo Born In Roma Collector Edition by Valentino is a popular mainstream cologne with strong buyer demand. Fresh citrus opening, aromatic heart, and smooth amber/woody dry-down. Built for everyday wear, date nights, and special events with long-lasting projection. Why customers buy it: recognizable name, gift-friendly presentation, and versatile scent profile. Supplier check link: View supplier listing",158.12,202.39,13,https://cdn.fragrancenet.com/images/photos/900x900/353183.jpg,https://images.unsplash.com/photo-1712995518948-93c10327836b?ixlib=rb-4.1.0&q=85&fm=jpg&crop=entropy&cs=srgb&dl=laura-chouette--bNjKyrm9CM-unsplash.jpg&w=1400 | https://images.unsplash.com/photo-1768025719875-48ed072f3084?ixlib=rb-4.1.0&q=85&fm=jpg&crop=entropy&cs=srgb&dl=tuaans-xsS6wfjFTcw-unsplash.jpg&w=1400 | https://images.unsplash.com/photo-1669200141274-38ae8632a86a?ixlib=rb-4.1.0&q=85&fm=jpg&crop=entropy&cs=srgb&dl=sticker-it-XlacyI9_9DI-unsplash.jpg&w=1400 | https://images.unsplash.com/photo-1564644411635-5ec7c9aca726?ixlib=rb-4.1.0&q=85&fm=jpg&crop=entropy&cs=srgb&dl=21-swan-3C5ZfCLSGC4-unsplash.jpg&w=1400,FragranceNet,https://www.fragrancenet.com/search/?gsearch=Valentino+Uomo+Born+In+Roma+Collector+Edition,FragranceX,https://www.fragrancex.com/search/search_results?search=Valentino+Uomo+Born+In+Roma+Collector+Edition,Perfume.com,https://www.perfume.com/search?keyword=Valentino+Uomo+Born+In+Roma+Collector+Edition,active,"cologne,men,valentino,mainstream,drop8,5photos"
DROP8-013-DIOR-01-8046,Dior Sauvage Eau Forte Travel Spray 10ml,"Dior Sauvage Eau Forte Travel Spray 10ml by Dior is a popular mainstream cologne with strong buyer demand. Fresh citrus opening, aromatic heart, and smooth amber/woody dry-down. Built for everyday wear, date nights, and special events with long-lasting projection. Why customers buy it: recognizable name, gift-friendly presentation, and versatile scent profile. Supplier check link: View supplier listing",36.12,46.23,19,https://cdn.fragrancenet.com/images/photos/900x900/500543.jpg,https://images.unsplash.com/photo-1768025719875-48ed072f3084?ixlib=rb-4.1.0&q=85&fm=jpg&crop=entropy&cs=srgb&dl=tuaans-xsS6wfjFTcw-unsplash.jpg&w=1400 | https://images.unsplash.com/photo-1669200141274-38ae8632a86a?ixlib=rb-4.1.0&q=85&fm=jpg&crop=entropy&cs=srgb&dl=sticker-it-XlacyI9_9DI-unsplash.jpg&w=1400 | https://images.unsplash.com/photo-1564644411635-5ec7c9aca726?ixlib=rb-4.1.0&q=85&fm=jpg&crop=entropy&cs=srgb&dl=21-swan-3C5ZfCLSGC4-unsplash.jpg&w=1400 | https://images.unsplash.com/photo-1683401100111-40306e381429?ixlib=rb-4.1.0&q=85&fm=jpg&crop=entropy&cs=srgb&dl=sanket-mishra-olwncwHENlQ-unsplash.jpg&w=1400,FragranceNet,https://www.fragrancenet.com/search/?gsearch=Dior+Sauvage+Eau+Forte+Travel+Spray+10ml,FragranceX,https://www.fragrancex.com/search/search_results?search=Dior+Sauvage+Eau+Forte+Travel+Spray+10ml,Perfume.com,https://www.perfume.com/search?keyword=Dior+Sauvage+Eau+Forte+Travel+Spray+10ml,active,"cologne,men,dior,mainstream,drop8,5photos"
DROP8-014-DIOR-02-8046,Dior Sauvage Eau Forte 30ml,"Dior Sauvage Eau Forte 30ml by Dior is a popular mainstream cologne with strong buyer demand. Fresh citrus opening, aromatic heart, and smooth amber/woody dry-down. Built for everyday wear, date nights, and special events with long-lasting projection. Why customers buy it: recognizable name, gift-friendly presentation, and versatile scent profile. Supplier check link: View supplier listing",67.08,85.86,24,https://cdn.fragrancenet.com/images/photos/900x900/500543.jpg,https://images.unsplash.com/photo-1669200141274-38ae8632a86a?ixlib=rb-4.1.0&q=85&fm=jpg&crop=entropy&cs=srgb&dl=sticker-it-XlacyI9_9DI-unsplash.jpg&w=1400 | https://images.unsplash.com/photo-1564644411635-5ec7c9aca726?ixlib=rb-4.1.0&q=85&fm=jpg&crop=entropy&cs=srgb&dl=21-swan-3C5ZfCLSGC4-unsplash.jpg&w=1400 | https://images.unsplash.com/photo-1683401100111-40306e381429?ixlib=rb-4.1.0&q=85&fm=jpg&crop=entropy&cs=srgb&dl=sanket-mishra-olwncwHENlQ-unsplash.jpg&w=1400 | https://images.unsplash.com/photo-1623607037050-ac8e7cce86c6?ixlib=rb-4.1.0&q=85&fm=jpg&crop=entropy&cs=srgb&dl=tron-le--eYFABw8b0c-unsplash.jpg&w=1400,FragranceNet,https://www.fragrancenet.com/search/?gsearch=Dior+Sauvage+Eau+Forte+30ml,FragranceX,https://www.fragrancex.com/search/search_results?search=Dior+Sauvage+Eau+Forte+30ml,Perfume.com,https://www.perfume.com/search?keyword=Dior+Sauvage+Eau+Forte+30ml,active,"cologne,men,dior,mainstream,drop8,5photos"
DROP8-015-DIOR-03-8046,Dior Sauvage Eau Forte 50ml,"Dior Sauvage Eau Forte 50ml by Dior is a popular mainstream cologne with strong buyer demand. Fresh citrus opening, aromatic heart, and smooth amber/woody dry-down. Built for everyday wear, date nights, and special events with long-lasting projection. Why customers buy it: recognizable name, gift-friendly presentation, and versatile scent profile. Supplier check link: View supplier listing",92.88,118.89,29,https://cdn.fragrancenet.com/images/photos/900x900/500543.jpg,https://images.unsplash.com/photo-1564644411635-5ec7c9aca726?ixlib=rb-4.1.0&q=85&fm=jpg&crop=entropy&cs=srgb&dl=21-swan-3C5ZfCLSGC4-unsplash.jpg&w=1400 | https://images.unsplash.com/photo-1683401100111-40306e381429?ixlib=rb-4.1.0&q=85&fm=jpg&crop=entropy&cs=srgb&dl=sanket-mishra-olwncwHENlQ-unsplash.jpg&w=1400 | https://images.unsplash.com/photo-1623607037050-ac8e7cce86c6?ixlib=rb-4.1.0&q=85&fm=jpg&crop=entropy&cs=srgb&dl=tron-le--eYFABw8b0c-unsplash.jpg&w=1400 | https://images.unsplash.com/photo-1635847421955-db26af776e5d?ixlib=rb-4.1.0&q=85&fm=jpg&crop=entropy&cs=srgb&dl=marie-g-Qjdzsw-lBJ4-unsplash.jpg&w=1400,FragranceNet,https://www.fragrancenet.com/search/?gsearch=Dior+Sauvage+Eau+Forte+50ml,FragranceX,https://www.fragrancex.com/search/search_results?search=Dior+Sauvage+Eau+Forte+50ml,Perfume.com,https://www.perfume.com/search?keyword=Dior+Sauvage+Eau+Forte+50ml,active,"cologne,men,dior,mainstream,drop8,5photos"
DROP8-016-DIOR-04-8046,Dior Sauvage Eau Forte 100ml,"Dior Sauvage Eau Forte 100ml by Dior is a popular mainstream cologne with strong buyer demand. Fresh citrus opening, aromatic heart, and smooth amber/woody dry-down. Built for everyday wear, date nights, and special events with long-lasting projection. Why customers buy it: recognizable name, gift-friendly presentation, and versatile scent profile. Supplier check link: View supplier listing",129.00,165.12,36,https://cdn.fragrancenet.com/images/photos/900x900/500543.jpg,https://images.unsplash.com/photo-1683401100111-40306e381429?ixlib=rb-4.1.0&q=85&fm=jpg&crop=entropy&cs=srgb&dl=sanket-mishra-olwncwHENlQ-unsplash.jpg&w=1400 | https://images.unsplash.com/photo-1623607037050-ac8e7cce86c6?ixlib=rb-4.1.0&q=85&fm=jpg&crop=entropy&cs=srgb&dl=tron-le--eYFABw8b0c-unsplash.jpg&w=1400 | https://images.unsplash.com/photo-1635847421955-db26af776e5d?ixlib=rb-4.1.0&q=85&fm=jpg&crop=entropy&cs=srgb&dl=marie-g-Qjdzsw-lBJ4-unsplash.jpg&w=1400 | https://images.unsplash.com/photo-1717154462649-e0c67fa0f556?ixlib=rb-4.1.0&q=85&fm=jpg&crop=entropy&cs=srgb&dl=harper-sunday-mtCh6Ny8LaU-unsplash.jpg&w=1400,FragranceNet,https://www.fragrancenet.com/search/?gsearch=Dior+Sauvage+Eau+Forte+100ml,FragranceX,https://www.fragrancex.com/search/search_results?search=Dior+Sauvage+Eau+Forte+100ml,Perfume.com,https://www.perfume.com/search?keyword=Dior+Sauvage+Eau+Forte+100ml,active,"cologne,men,dior,mainstream,drop8,5photos"
DROP8-017-DIOR-05-8046,Dior Sauvage Eau Forte 150ml,"Dior Sauvage Eau Forte 150ml by Dior is a popular mainstream cologne with strong buyer demand. Fresh citrus opening, aromatic heart, and smooth amber/woody dry-down. Built for everyday wear, date nights, and special events with long-lasting projection. Why customers buy it: recognizable name, gift-friendly presentation, and versatile scent profile. Supplier check link: View supplier listing",157.38,201.45,29,https://cdn.fragrancenet.com/images/photos/900x900/500543.jpg,https://images.unsplash.com/photo-1623607037050-ac8e7cce86c6?ixlib=rb-4.1.0&q=85&fm=jpg&crop=entropy&cs=srgb&dl=tron-le--eYFABw8b0c-unsplash.jpg&w=1400 | https://images.unsplash.com/photo-1635847421955-db26af776e5d?ixlib=rb-4.1.0&q=85&fm=jpg&crop=entropy&cs=srgb&dl=marie-g-Qjdzsw-lBJ4-unsplash.jpg&w=1400 | https://images.unsplash.com/photo-1717154462649-e0c67fa0f556?ixlib=rb-4.1.0&q=85&fm=jpg&crop=entropy&cs=srgb&dl=harper-sunday-mtCh6Ny8LaU-unsplash.jpg&w=1400 | https://images.unsplash.com/photo-1712995518948-93c10327836b?ixlib=rb-4.1.0&q=85&fm=jpg&crop=entropy&cs=srgb&dl=laura-chouette--bNjKyrm9CM-unsplash.jpg&w=1400,FragranceNet,https://www.fragrancenet.com/search/?gsearch=Dior+Sauvage+Eau+Forte+150ml,FragranceX,https://www.fragrancex.com/search/search_results?search=Dior+Sauvage+Eau+Forte+150ml,Perfume.com,https://www.perfume.com/search?keyword=Dior+Sauvage+Eau+Forte+150ml,active,"cologne,men,dior,mainstream,drop8,5photos"
DROP8-018-DIOR-06-8046,Dior Sauvage Eau Forte 200ml,"Dior Sauvage Eau Forte 200ml by Dior is a popular mainstream cologne with strong buyer demand. Fresh citrus opening, aromatic heart, and smooth amber/woody dry-down. Built for everyday wear, date nights, and special events with long-lasting projection. Why customers buy it: recognizable name, gift-friendly presentation, and versatile scent profile. Supplier check link: View supplier listing",183.18,234.47,22,https://cdn.fragrancenet.com/images/photos/900x900/500543.jpg,https://images.unsplash.com/photo-1635847421955-db26af776e5d?ixlib=rb-4.1.0&q=85&fm=jpg&crop=entropy&cs=srgb&dl=marie-g-Qjdzsw-lBJ4-unsplash.jpg&w=1400 | https://images.unsplash.com/photo-1717154462649-e0c67fa0f556?ixlib=rb-4.1.0&q=85&fm=jpg&crop=entropy&cs=srgb&dl=harper-sunday-mtCh6Ny8LaU-unsplash.jpg&w=1400 | https://images.unsplash.com/photo-1712995518948-93c10327836b?ixlib=rb-4.1.0&q=85&fm=jpg&crop=entropy&cs=srgb&dl=laura-chouette--bNjKyrm9CM-unsplash.jpg&w=1400 | https://images.unsplash.com/photo-1768025719875-48ed072f3084?ixlib=rb-4.1.0&q=85&fm=jpg&crop=entropy&cs=srgb&dl=tuaans-xsS6wfjFTcw-unsplash.jpg&w=1400,FragranceNet,https://www.fragrancenet.com/search/?gsearch=Dior+Sauvage+Eau+Forte+200ml,FragranceX,https://www.fragrancex.com/search/search_results?search=Dior+Sauvage+Eau+Forte+200ml,Perfume.com,https://www.perfume.com/search?keyword=Dior+Sauvage+Eau+Forte+200ml,active,"cologne,men,dior,mainstream,drop8,5photos"
DROP8-019-DIOR-07-8046,Dior Sauvage Eau Forte Gift Set,"Dior Sauvage Eau Forte Gift Set by Dior is a popular mainstream cologne with strong buyer demand. Fresh citrus opening, aromatic heart, and smooth amber/woody dry-down. Built for everyday wear, date nights, and special events with long-lasting projection. Why customers buy it: recognizable name, gift-friendly presentation, and versatile scent profile. Supplier check link: View supplier listing",148.35,189.89,14,https://cdn.fragrancenet.com/images/photos/900x900/500543.jpg,https://images.unsplash.com/photo-1717154462649-e0c67fa0f556?ixlib=rb-4.1.0&q=85&fm=jpg&crop=entropy&cs=srgb&dl=harper-sunday-mtCh6Ny8LaU-unsplash.jpg&w=1400 | https://images.unsplash.com/photo-1712995518948-93c10327836b?ixlib=rb-4.1.0&q=85&fm=jpg&crop=entropy&cs=srgb&dl=laura-chouette--bNjKyrm9CM-unsplash.jpg&w=1400 | https://images.unsplash.com/photo-1768025719875-48ed072f3084?ixlib=rb-4.1.0&q=85&fm=jpg&crop=entropy&cs=srgb&dl=tuaans-xsS6wfjFTcw-unsplash.jpg&w=1400 | https://images.unsplash.com/photo-1669200141274-38ae8632a86a?ixlib=rb-4.1.0&q=85&fm=jpg&crop=entropy&cs=srgb&dl=sticker-it-XlacyI9_9DI-unsplash.jpg&w=1400,FragranceNet,https://www.fragrancenet.com/search/?gsearch=Dior+Sauvage+Eau+Forte+Gift+Set,FragranceX,https://www.fragrancex.com/search/search_results?search=Dior+Sauvage+Eau+Forte+Gift+Set,Perfume.com,https://www.perfume.com/search?keyword=Dior+Sauvage+Eau+Forte+Gift+Set,active,"cologne,men,dior,mainstream,drop8,5photos"
DROP8-020-DIOR-08-8046,Dior Sauvage Eau Forte Holiday Box,"Dior Sauvage Eau Forte Holiday Box by Dior is a popular mainstream cologne with strong buyer demand. Fresh citrus opening, aromatic heart, and smooth amber/woody dry-down. Built for everyday wear, date nights, and special events with long-lasting projection. Why customers buy it: recognizable name, gift-friendly presentation, and versatile scent profile. Supplier check link: View supplier listing",152.22,194.84,13,https://cdn.fragrancenet.com/images/photos/900x900/500543.jpg,https://images.unsplash.com/photo-1712995518948-93c10327836b?ixlib=rb-4.1.0&q=85&fm=jpg&crop=entropy&cs=srgb&dl=laura-chouette--bNjKyrm9CM-unsplash.jpg&w=1400 | https://images.unsplash.com/photo-1768025719875-48ed072f3084?ixlib=rb-4.1.0&q=85&fm=jpg&crop=entropy&cs=srgb&dl=tuaans-xsS6wfjFTcw-unsplash.jpg&w=1400 | https://images.unsplash.com/photo-1669200141274-38ae8632a86a?ixlib=rb-4.1.0&q=85&fm=jpg&crop=entropy&cs=srgb&dl=sticker-it-XlacyI9_9DI-unsplash.jpg&w=1400 | https://images.unsplash.com/photo-1564644411635-5ec7c9aca726?ixlib=rb-4.1.0&q=85&fm=jpg&crop=entropy&cs=srgb&dl=21-swan-3C5ZfCLSGC4-unsplash.jpg&w=1400,FragranceNet,https://www.fragrancenet.com/search/?gsearch=Dior+Sauvage+Eau+Forte+Holiday+Box,FragranceX,https://www.fragrancex.com/search/search_results?search=Dior+Sauvage+Eau+Forte+Holiday+Box,Perfume.com,https://www.perfume.com/search?keyword=Dior+Sauvage+Eau+Forte+Holiday+Box,active,"cologne,men,dior,mainstream,drop8,5photos"
DROP8-021-DIOR-09-8046,Dior Sauvage Eau Forte Limited Edition,"Dior Sauvage Eau Forte Limited Edition by Dior is a popular mainstream cologne with strong buyer demand. Fresh citrus opening, aromatic heart, and smooth amber/woody dry-down. Built for everyday wear, date nights, and special events with long-lasting projection. Why customers buy it: recognizable name, gift-friendly presentation, and versatile scent profile. Supplier check link: View supplier listing",139.32,178.33,12,https://cdn.fragrancenet.com/images/photos/900x900/500543.jpg,https://images.unsplash.com/photo-1768025719875-48ed072f3084?ixlib=rb-4.1.0&q=85&fm=jpg&crop=entropy&cs=srgb&dl=tuaans-xsS6wfjFTcw-unsplash.jpg&w=1400 | https://images.unsplash.com/photo-1669200141274-38ae8632a86a?ixlib=rb-4.1.0&q=85&fm=jpg&crop=entropy&cs=srgb&dl=sticker-it-XlacyI9_9DI-unsplash.jpg&w=1400 | https://images.unsplash.com/photo-1564644411635-5ec7c9aca726?ixlib=rb-4.1.0&q=85&fm=jpg&crop=entropy&cs=srgb&dl=21-swan-3C5ZfCLSGC4-unsplash.jpg&w=1400 | https://images.unsplash.com/photo-1683401100111-40306e381429?ixlib=rb-4.1.0&q=85&fm=jpg&crop=entropy&cs=srgb&dl=sanket-mishra-olwncwHENlQ-unsplash.jpg&w=1400,FragranceNet,https://www.fragrancenet.com/search/?gsearch=Dior+Sauvage+Eau+Forte+Limited+Edition,FragranceX,https://www.fragrancex.com/search/search_results?search=Dior+Sauvage+Eau+Forte+Limited+Edition,Perfume.com,https://www.perfume.com/search?keyword=Dior+Sauvage+Eau+Forte+Limited+Edition,active,"cologne,men,dior,mainstream,drop8,5photos"
DROP8-022-DIOR-10-8046,Dior Sauvage Eau Forte Refill,"Dior Sauvage Eau Forte Refill by Dior is a popular mainstream cologne with strong buyer demand. Fresh citrus opening, aromatic heart, and smooth amber/woody dry-down. Built for everyday wear, date nights, and special events with long-lasting projection. Why customers buy it: recognizable name, gift-friendly presentation, and versatile scent profile. Supplier check link: View supplier listing",118.68,151.91,18,https://cdn.fragrancenet.com/images/photos/900x900/500543.jpg,https://images.unsplash.com/photo-1669200141274-38ae8632a86a?ixlib=rb-4.1.0&q=85&fm=jpg&crop=entropy&cs=srgb&dl=sticker-it-XlacyI9_9DI-unsplash.jpg&w=1400 | https://images.unsplash.com/photo-1564644411635-5ec7c9aca726?ixlib=rb-4.1.0&q=85&fm=jpg&crop=entropy&cs=srgb&dl=21-swan-3C5ZfCLSGC4-unsplash.jpg&w=1400 | https://images.unsplash.com/photo-1683401100111-40306e381429?ixlib=rb-4.1.0&q=85&fm=jpg&crop=entropy&cs=srgb&dl=sanket-mishra-olwncwHENlQ-unsplash.jpg&w=1400 | https://images.unsplash.com/photo-1623607037050-ac8e7cce86c6?ixlib=rb-4.1.0&q=85&fm=jpg&crop=entropy&cs=srgb&dl=tron-le--eYFABw8b0c-unsplash.jpg&w=1400,FragranceNet,https://www.fragrancenet.com/search/?gsearch=Dior+Sauvage+Eau+Forte+Refill,FragranceX,https://www.fragrancex.com/search/search_results?search=Dior+Sauvage+Eau+Forte+Refill,Perfume.com,https://www.perfume.com/search?keyword=Dior+Sauvage+Eau+Forte+Refill,active,"cologne,men,dior,mainstream,drop8,5photos"
DROP8-023-DIOR-11-8046,Dior Sauvage Eau Forte Duo Pack,"Dior Sauvage Eau Forte Duo Pack by Dior is a popular mainstream cologne with strong buyer demand. Fresh citrus opening, aromatic heart, and smooth amber/woody dry-down. Built for everyday wear, date nights, and special events with long-lasting projection. Why customers buy it: recognizable name, gift-friendly presentation, and versatile scent profile. Supplier check link: View supplier listing",212.85,272.45,13,https://cdn.fragrancenet.com/images/photos/900x900/500543.jpg,https://images.unsplash.com/photo-1564644411635-5ec7c9aca726?ixlib=rb-4.1.0&q=85&fm=jpg&crop=entropy&cs=srgb&dl=21-swan-3C5ZfCLSGC4-unsplash.jpg&w=1400 | https://images.unsplash.com/photo-1683401100111-40306e381429?ixlib=rb-4.1.0&q=85&fm=jpg&crop=entropy&cs=srgb&dl=sanket-mishra-olwncwHENlQ-unsplash.jpg&w=1400 | https://images.unsplash.com/photo-1623607037050-ac8e7cce86c6?ixlib=rb-4.1.0&q=85&fm=jpg&crop=entropy&cs=srgb&dl=tron-le--eYFABw8b0c-unsplash.jpg&w=1400 | https://images.unsplash.com/photo-1635847421955-db26af776e5d?ixlib=rb-4.1.0&q=85&fm=jpg&crop=entropy&cs=srgb&dl=marie-g-Qjdzsw-lBJ4-unsplash.jpg&w=1400,FragranceNet,https://www.fragrancenet.com/search/?gsearch=Dior+Sauvage+Eau+Forte+Duo+Pack,FragranceX,https://www.fragrancex.com/search/search_results?search=Dior+Sauvage+Eau+Forte+Duo+Pack,Perfume.com,https://www.perfume.com/search?keyword=Dior+Sauvage+Eau+Forte+Duo+Pack,active,"cologne,men,dior,mainstream,drop8,5photos"
DROP8-024-DIOR-12-8046,Dior Sauvage Eau Forte Collector Edition,"Dior Sauvage Eau Forte Collector Edition by Dior is a popular mainstream cologne with strong buyer demand. Fresh citrus opening, aromatic heart, and smooth amber/woody dry-down. Built for everyday wear, date nights, and special events with long-lasting projection. Why customers buy it: recognizable name, gift-friendly presentation, and versatile scent profile. Supplier check link: View supplier listing",172.86,221.26,13,https://cdn.fragrancenet.com/images/photos/900x900/500543.jpg,https://images.unsplash.com/photo-1683401100111-40306e381429?ixlib=rb-4.1.0&q=85&fm=jpg&crop=entropy&cs=srgb&dl=sanket-mishra-olwncwHENlQ-unsplash.jpg&w=1400 | https://images.unsplash.com/photo-1623607037050-ac8e7cce86c6?ixlib=rb-4.1.0&q=85&fm=jpg&crop=entropy&cs=srgb&dl=tron-le--eYFABw8b0c-unsplash.jpg&w=1400 | https://images.unsplash.com/photo-1635847421955-db26af776e5d?ixlib=rb-4.1.0&q=85&fm=jpg&crop=entropy&cs=srgb&dl=marie-g-Qjdzsw-lBJ4-unsplash.jpg&w=1400 | https://images.unsplash.com/photo-1717154462649-e0c67fa0f556?ixlib=rb-4.1.0&q=85&fm=jpg&crop=entropy&cs=srgb&dl=harper-sunday-mtCh6Ny8LaU-unsplash.jpg&w=1400,FragranceNet,https://www.fragrancenet.com/search/?gsearch=Dior+Sauvage+Eau+Forte+Collector+Edition,FragranceX,https://www.fragrancex.com/search/search_results?search=Dior+Sauvage+Eau+Forte+Collector+Edition,Perfume.com,https://www.perfume.com/search?keyword=Dior+Sauvage+Eau+Forte+Collector+Edition,active,"cologne,men,dior,mainstream,drop8,5photos"
DROP8-025-YVES-01-6176,Y Eau de Parfum Travel Spray 10ml,"Y Eau de Parfum Travel Spray 10ml by Yves Saint Laurent is a popular mainstream cologne with strong buyer demand. Fresh citrus opening, aromatic heart, and smooth amber/woody dry-down. Built for everyday wear, date nights, and special events with long-lasting projection. Why customers buy it: recognizable name, gift-friendly presentation, and versatile scent profile. Supplier check link: View supplier listing",34.72,44.44,19,https://cdn.fragrancenet.com/images/photos/900x900/325122.jpg,https://images.unsplash.com/photo-1623607037050-ac8e7cce86c6?ixlib=rb-4.1.0&q=85&fm=jpg&crop=entropy&cs=srgb&dl=tron-le--eYFABw8b0c-unsplash.jpg&w=1400 | https://images.unsplash.com/photo-1635847421955-db26af776e5d?ixlib=rb-4.1.0&q=85&fm=jpg&crop=entropy&cs=srgb&dl=marie-g-Qjdzsw-lBJ4-unsplash.jpg&w=1400 | https://images.unsplash.com/photo-1717154462649-e0c67fa0f556?ixlib=rb-4.1.0&q=85&fm=jpg&crop=entropy&cs=srgb&dl=harper-sunday-mtCh6Ny8LaU-unsplash.jpg&w=1400 | https://images.unsplash.com/photo-1712995518948-93c10327836b?ixlib=rb-4.1.0&q=85&fm=jpg&crop=entropy&cs=srgb&dl=laura-chouette--bNjKyrm9CM-unsplash.jpg&w=1400,FragranceNet,https://www.fragrancenet.com/search/?gsearch=Y+Eau+de+Parfum+Travel+Spray+10ml,FragranceX,https://www.fragrancex.com/search/search_results?search=Y+Eau+de+Parfum+Travel+Spray+10ml,Perfume.com,https://www.perfume.com/search?keyword=Y+Eau+de+Parfum+Travel+Spray+10ml,active,"cologne,men,ysl,mainstream,drop8,5photos"
DROP8-026-YVES-02-6176,Y Eau de Parfum 30ml,"Y Eau de Parfum 30ml by Yves Saint Laurent is a popular mainstream cologne with strong buyer demand. Fresh citrus opening, aromatic heart, and smooth amber/woody dry-down. Built for everyday wear, date nights, and special events with long-lasting projection. Why customers buy it: recognizable name, gift-friendly presentation, and versatile scent profile. Supplier check link: View supplier listing",64.48,82.53,24,https://cdn.fragrancenet.com/images/photos/900x900/325122.jpg,https://images.unsplash.com/photo-1635847421955-db26af776e5d?ixlib=rb-4.1.0&q=85&fm=jpg&crop=entropy&cs=srgb&dl=marie-g-Qjdzsw-lBJ4-unsplash.jpg&w=1400 | https://images.unsplash.com/photo-1717154462649-e0c67fa0f556?ixlib=rb-4.1.0&q=85&fm=jpg&crop=entropy&cs=srgb&dl=harper-sunday-mtCh6Ny8LaU-unsplash.jpg&w=1400 | https://images.unsplash.com/photo-1712995518948-93c10327836b?ixlib=rb-4.1.0&q=85&fm=jpg&crop=entropy&cs=srgb&dl=laura-chouette--bNjKyrm9CM-unsplash.jpg&w=1400 | https://images.unsplash.com/photo-1768025719875-48ed072f3084?ixlib=rb-4.1.0&q=85&fm=jpg&crop=entropy&cs=srgb&dl=tuaans-xsS6wfjFTcw-unsplash.jpg&w=1400,FragranceNet,https://www.fragrancenet.com/search/?gsearch=Y+Eau+de+Parfum+30ml,FragranceX,https://www.fragrancex.com/search/search_results?search=Y+Eau+de+Parfum+30ml,Perfume.com,https://www.perfume.com/search?keyword=Y+Eau+de+Parfum+30ml,active,"cologne,men,ysl,mainstream,drop8,5photos"
DROP8-027-YVES-03-6176,Y Eau de Parfum 50ml,"Y Eau de Parfum 50ml by Yves Saint Laurent is a popular mainstream cologne with strong buyer demand. Fresh citrus opening, aromatic heart, and smooth amber/woody dry-down. Built for everyday wear, date nights, and special events with long-lasting projection. Why customers buy it: recognizable name, gift-friendly presentation, and versatile scent profile. Supplier check link: View supplier listing",89.28,114.28,29,https://cdn.fragrancenet.com/images/photos/900x900/325122.jpg,https://images.unsplash.com/photo-1717154462649-e0c67fa0f556?ixlib=rb-4.1.0&q=85&fm=jpg&crop=entropy&cs=srgb&dl=harper-sunday-mtCh6Ny8LaU-unsplash.jpg&w=1400 | https://images.unsplash.com/photo-1712995518948-93c10327836b?ixlib=rb-4.1.0&q=85&fm=jpg&crop=entropy&cs=srgb&dl=laura-chouette--bNjKyrm9CM-unsplash.jpg&w=1400 | https://images.unsplash.com/photo-1768025719875-48ed072f3084?ixlib=rb-4.1.0&q=85&fm=jpg&crop=entropy&cs=srgb&dl=tuaans-xsS6wfjFTcw-unsplash.jpg&w=1400 | https://images.unsplash.com/photo-1669200141274-38ae8632a86a?ixlib=rb-4.1.0&q=85&fm=jpg&crop=entropy&cs=srgb&dl=sticker-it-XlacyI9_9DI-unsplash.jpg&w=1400,FragranceNet,https://www.fragrancenet.com/search/?gsearch=Y+Eau+de+Parfum+50ml,FragranceX,https://www.fragrancex.com/search/search_results?search=Y+Eau+de+Parfum+50ml,Perfume.com,https://www.perfume.com/search?keyword=Y+Eau+de+Parfum+50ml,active,"cologne,men,ysl,mainstream,drop8,5photos"
DROP8-028-YVES-04-6176,Y Eau de Parfum 100ml,"Y Eau de Parfum 100ml by Yves Saint Laurent is a popular mainstream cologne with strong buyer demand. Fresh citrus opening, aromatic heart, and smooth amber/woody dry-down. Built for everyday wear, date nights, and special events with long-lasting projection. Why customers buy it: recognizable name, gift-friendly presentation, and versatile scent profile. Supplier check link: View supplier listing",124.00,158.72,36,https://cdn.fragrancenet.com/images/photos/900x900/325122.jpg,https://images.unsplash.com/photo-1712995518948-93c10327836b?ixlib=rb-4.1.0&q=85&fm=jpg&crop=entropy&cs=srgb&dl=laura-chouette--bNjKyrm9CM-unsplash.jpg&w=1400 | https://images.unsplash.com/photo-1768025719875-48ed072f3084?ixlib=rb-4.1.0&q=85&fm=jpg&crop=entropy&cs=srgb&dl=tuaans-xsS6wfjFTcw-unsplash.jpg&w=1400 | https://images.unsplash.com/photo-1669200141274-38ae8632a86a?ixlib=rb-4.1.0&q=85&fm=jpg&crop=entropy&cs=srgb&dl=sticker-it-XlacyI9_9DI-unsplash.jpg&w=1400 | https://images.unsplash.com/photo-1564644411635-5ec7c9aca726?ixlib=rb-4.1.0&q=85&fm=jpg&crop=entropy&cs=srgb&dl=21-swan-3C5ZfCLSGC4-unsplash.jpg&w=1400,FragranceNet,https://www.fragrancenet.com/search/?gsearch=Y+Eau+de+Parfum+100ml,FragranceX,https://www.fragrancex.com/search/search_results?search=Y+Eau+de+Parfum+100ml,Perfume.com,https://www.perfume.com/search?keyword=Y+Eau+de+Parfum+100ml,active,"cologne,men,ysl,mainstream,drop8,5photos"
DROP8-029-YVES-05-6176,Y Eau de Parfum 150ml,"Y Eau de Parfum 150ml by Yves Saint Laurent is a popular mainstream cologne with strong buyer demand. Fresh citrus opening, aromatic heart, and smooth amber/woody dry-down. Built for everyday wear, date nights, and special events with long-lasting projection. Why customers buy it: recognizable name, gift-friendly presentation, and versatile scent profile. Supplier check link: View supplier listing",151.28,193.64,29,https://cdn.fragrancenet.com/images/photos/900x900/325122.jpg,https://images.unsplash.com/photo-1768025719875-48ed072f3084?ixlib=rb-4.1.0&q=85&fm=jpg&crop=entropy&cs=srgb&dl=tuaans-xsS6wfjFTcw-unsplash.jpg&w=1400 | https://images.unsplash.com/photo-1669200141274-38ae8632a86a?ixlib=rb-4.1.0&q=85&fm=jpg&crop=entropy&cs=srgb&dl=sticker-it-XlacyI9_9DI-unsplash.jpg&w=1400 | https://images.unsplash.com/photo-1564644411635-5ec7c9aca726?ixlib=rb-4.1.0&q=85&fm=jpg&crop=entropy&cs=srgb&dl=21-swan-3C5ZfCLSGC4-unsplash.jpg&w=1400 | https://images.unsplash.com/photo-1683401100111-40306e381429?ixlib=rb-4.1.0&q=85&fm=jpg&crop=entropy&cs=srgb&dl=sanket-mishra-olwncwHENlQ-unsplash.jpg&w=1400,FragranceNet,https://www.fragrancenet.com/search/?gsearch=Y+Eau+de+Parfum+150ml,FragranceX,https://www.fragrancex.com/search/search_results?search=Y+Eau+de+Parfum+150ml,Perfume.com,https://www.perfume.com/search?keyword=Y+Eau+de+Parfum+150ml,active,"cologne,men,ysl,mainstream,drop8,5photos"
DROP8-030-YVES-06-6176,Y Eau de Parfum 200ml,"Y Eau de Parfum 200ml by Yves Saint Laurent is a popular mainstream cologne with strong buyer demand. Fresh citrus opening, aromatic heart, and smooth amber/woody dry-down. Built for everyday wear, date nights, and special events with long-lasting projection. Why customers buy it: recognizable name, gift-friendly presentation, and versatile scent profile. Supplier check link: View supplier listing",176.08,225.38,22,https://cdn.fragrancenet.com/images/photos/900x900/325122.jpg,https://images.unsplash.com/photo-1669200141274-38ae8632a86a?ixlib=rb-4.1.0&q=85&fm=jpg&crop=entropy&cs=srgb&dl=sticker-it-XlacyI9_9DI-unsplash.jpg&w=1400 | https://images.unsplash.com/photo-1564644411635-5ec7c9aca726?ixlib=rb-4.1.0&q=85&fm=jpg&crop=entropy&cs=srgb&dl=21-swan-3C5ZfCLSGC4-unsplash.jpg&w=1400 | https://images.unsplash.com/photo-1683401100111-40306e381429?ixlib=rb-4.1.0&q=85&fm=jpg&crop=entropy&cs=srgb&dl=sanket-mishra-olwncwHENlQ-unsplash.jpg&w=1400 | https://images.unsplash.com/photo-1623607037050-ac8e7cce86c6?ixlib=rb-4.1.0&q=85&fm=jpg&crop=entropy&cs=srgb&dl=tron-le--eYFABw8b0c-unsplash.jpg&w=1400,FragranceNet,https://www.fragrancenet.com/search/?gsearch=Y+Eau+de+Parfum+200ml,FragranceX,https://www.fragrancex.com/search/search_results?search=Y+Eau+de+Parfum+200ml,Perfume.com,https://www.perfume.com/search?keyword=Y+Eau+de+Parfum+200ml,active,"cologne,men,ysl,mainstream,drop8,5photos"
DROP8-031-YVES-07-6176,Y Eau de Parfum Gift Set,"Y Eau de Parfum Gift Set by Yves Saint Laurent is a popular mainstream cologne with strong buyer demand. Fresh citrus opening, aromatic heart, and smooth amber/woody dry-down. Built for everyday wear, date nights, and special events with long-lasting projection. Why customers buy it: recognizable name, gift-friendly presentation, and versatile scent profile. Supplier check link: View supplier listing",142.60,182.53,14,https://cdn.fragrancenet.com/images/photos/900x900/325122.jpg,https://images.unsplash.com/photo-1564644411635-5ec7c9aca726?ixlib=rb-4.1.0&q=85&fm=jpg&crop=entropy&cs=srgb&dl=21-swan-3C5ZfCLSGC4-unsplash.jpg&w=1400 | https://images.unsplash.com/photo-1683401100111-40306e381429?ixlib=rb-4.1.0&q=85&fm=jpg&crop=entropy&cs=srgb&dl=sanket-mishra-olwncwHENlQ-unsplash.jpg&w=1400 | https://images.unsplash.com/photo-1623607037050-ac8e7cce86c6?ixlib=rb-4.1.0&q=85&fm=jpg&crop=entropy&cs=srgb&dl=tron-le--eYFABw8b0c-unsplash.jpg&w=1400 | https://images.unsplash.com/photo-1635847421955-db26af776e5d?ixlib=rb-4.1.0&q=85&fm=jpg&crop=entropy&cs=srgb&dl=marie-g-Qjdzsw-lBJ4-unsplash.jpg&w=1400,FragranceNet,https://www.fragrancenet.com/search/?gsearch=Y+Eau+de+Parfum+Gift+Set,FragranceX,https://www.fragrancex.com/search/search_results?search=Y+Eau+de+Parfum+Gift+Set,Perfume.com,https://www.perfume.com/search?keyword=Y+Eau+de+Parfum+Gift+Set,active,"cologne,men,ysl,mainstream,drop8,5photos"
DROP8-032-YVES-08-6176,Y Eau de Parfum Holiday Box,"Y Eau de Parfum Holiday Box by Yves Saint Laurent is a popular mainstream cologne with strong buyer demand. Fresh citrus opening, aromatic heart, and smooth amber/woody dry-down. Built for everyday wear, date nights, and special events with long-lasting projection. Why customers buy it: recognizable name, gift-friendly presentation, and versatile scent profile. Supplier check link: View supplier listing",146.32,187.29,13,https://cdn.fragrancenet.com/images/photos/900x900/325122.jpg,https://images.unsplash.com/photo-1683401100111-40306e381429?ixlib=rb-4.1.0&q=85&fm=jpg&crop=entropy&cs=srgb&dl=sanket-mishra-olwncwHENlQ-unsplash.jpg&w=1400 | https://images.unsplash.com/photo-1623607037050-ac8e7cce86c6?ixlib=rb-4.1.0&q=85&fm=jpg&crop=entropy&cs=srgb&dl=tron-le--eYFABw8b0c-unsplash.jpg&w=1400 | https://images.unsplash.com/photo-1635847421955-db26af776e5d?ixlib=rb-4.1.0&q=85&fm=jpg&crop=entropy&cs=srgb&dl=marie-g-Qjdzsw-lBJ4-unsplash.jpg&w=1400 | https://images.unsplash.com/photo-1717154462649-e0c67fa0f556?ixlib=rb-4.1.0&q=85&fm=jpg&crop=entropy&cs=srgb&dl=harper-sunday-mtCh6Ny8LaU-unsplash.jpg&w=1400,FragranceNet,https://www.fragrancenet.com/search/?gsearch=Y+Eau+de+Parfum+Holiday+Box,FragranceX,https://www.fragrancex.com/search/search_results?search=Y+Eau+de+Parfum+Holiday+Box,Perfume.com,https://www.perfume.com/search?keyword=Y+Eau+de+Parfum+Holiday+Box,active,"cologne,men,ysl,mainstream,drop8,5photos"
DROP8-033-YVES-09-6176,Y Eau de Parfum Limited Edition,"Y Eau de Parfum Limited Edition by Yves Saint Laurent is a popular mainstream cologne with strong buyer demand. Fresh citrus opening, aromatic heart, and smooth amber/woody dry-down. Built for everyday wear, date nights, and special events with long-lasting projection. Why customers buy it: recognizable name, gift-friendly presentation, and versatile scent profile. Supplier check link: View supplier listing",133.92,171.42,12,https://cdn.fragrancenet.com/images/photos/900x900/325122.jpg,https://images.unsplash.com/photo-1623607037050-ac8e7cce86c6?ixlib=rb-4.1.0&q=85&fm=jpg&crop=entropy&cs=srgb&dl=tron-le--eYFABw8b0c-unsplash.jpg&w=1400 | https://images.unsplash.com/photo-1635847421955-db26af776e5d?ixlib=rb-4.1.0&q=85&fm=jpg&crop=entropy&cs=srgb&dl=marie-g-Qjdzsw-lBJ4-unsplash.jpg&w=1400 | https://images.unsplash.com/photo-1717154462649-e0c67fa0f556?ixlib=rb-4.1.0&q=85&fm=jpg&crop=entropy&cs=srgb&dl=harper-sunday-mtCh6Ny8LaU-unsplash.jpg&w=1400 | https://images.unsplash.com/photo-1712995518948-93c10327836b?ixlib=rb-4.1.0&q=85&fm=jpg&crop=entropy&cs=srgb&dl=laura-chouette--bNjKyrm9CM-unsplash.jpg&w=1400,FragranceNet,https://www.fragrancenet.com/search/?gsearch=Y+Eau+de+Parfum+Limited+Edition,FragranceX,https://www.fragrancex.com/search/search_results?search=Y+Eau+de+Parfum+Limited+Edition,Perfume.com,https://www.perfume.com/search?keyword=Y+Eau+de+Parfum+Limited+Edition,active,"cologne,men,ysl,mainstream,drop8,5photos"
DROP8-034-YVES-10-6176,Y Eau de Parfum Refill,"Y Eau de Parfum Refill by Yves Saint Laurent is a popular mainstream cologne with strong buyer demand. Fresh citrus opening, aromatic heart, and smooth amber/woody dry-down. Built for everyday wear, date nights, and special events with long-lasting projection. Why customers buy it: recognizable name, gift-friendly presentation, and versatile scent profile. Supplier check link: View supplier listing",114.08,146.02,18,https://cdn.fragrancenet.com/images/photos/900x900/325122.jpg,https://images.unsplash.com/photo-1635847421955-db26af776e5d?ixlib=rb-4.1.0&q=85&fm=jpg&crop=entropy&cs=srgb&dl=marie-g-Qjdzsw-lBJ4-unsplash.jpg&w=1400 | https://images.unsplash.com/photo-1717154462649-e0c67fa0f556?ixlib=rb-4.1.0&q=85&fm=jpg&crop=entropy&cs=srgb&dl=harper-sunday-mtCh6Ny8LaU-unsplash.jpg&w=1400 | https://images.unsplash.com/photo-1712995518948-93c10327836b?ixlib=rb-4.1.0&q=85&fm=jpg&crop=entropy&cs=srgb&dl=laura-chouette--bNjKyrm9CM-unsplash.jpg&w=1400 | https://images.unsplash.com/photo-1768025719875-48ed072f3084?ixlib=rb-4.1.0&q=85&fm=jpg&crop=entropy&cs=srgb&dl=tuaans-xsS6wfjFTcw-unsplash.jpg&w=1400,FragranceNet,https://www.fragrancenet.com/search/?gsearch=Y+Eau+de+Parfum+Refill,FragranceX,https://www.fragrancex.com/search/search_results?search=Y+Eau+de+Parfum+Refill,Perfume.com,https://www.perfume.com/search?keyword=Y+Eau+de+Parfum+Refill,active,"cologne,men,ysl,mainstream,drop8,5photos"
DROP8-035-YVES-11-6176,Y Eau de Parfum Duo Pack,"Y Eau de Parfum Duo Pack by Yves Saint Laurent is a popular mainstream cologne with strong buyer demand. Fresh citrus opening, aromatic heart, and smooth amber/woody dry-down. Built for everyday wear, date nights, and special events with long-lasting projection. Why customers buy it: recognizable name, gift-friendly presentation, and versatile scent profile. Supplier check link: View supplier listing",204.60,261.89,13,https://cdn.fragrancenet.com/images/photos/900x900/325122.jpg,https://images.unsplash.com/photo-1717154462649-e0c67fa0f556?ixlib=rb-4.1.0&q=85&fm=jpg&crop=entropy&cs=srgb&dl=harper-sunday-mtCh6Ny8LaU-unsplash.jpg&w=1400 | https://images.unsplash.com/photo-1712995518948-93c10327836b?ixlib=rb-4.1.0&q=85&fm=jpg&crop=entropy&cs=srgb&dl=laura-chouette--bNjKyrm9CM-unsplash.jpg&w=1400 | https://images.unsplash.com/photo-1768025719875-48ed072f3084?ixlib=rb-4.1.0&q=85&fm=jpg&crop=entropy&cs=srgb&dl=tuaans-xsS6wfjFTcw-unsplash.jpg&w=1400 | https://images.unsplash.com/photo-1669200141274-38ae8632a86a?ixlib=rb-4.1.0&q=85&fm=jpg&crop=entropy&cs=srgb&dl=sticker-it-XlacyI9_9DI-unsplash.jpg&w=1400,FragranceNet,https://www.fragrancenet.com/search/?gsearch=Y+Eau+de+Parfum+Duo+Pack,FragranceX,https://www.fragrancex.com/search/search_results?search=Y+Eau+de+Parfum+Duo+Pack,Perfume.com,https://www.perfume.com/search?keyword=Y+Eau+de+Parfum+Duo+Pack,active,"cologne,men,ysl,mainstream,drop8,5photos"
DROP8-036-YVES-12-6176,Y Eau de Parfum Collector Edition,"Y Eau de Parfum Collector Edition by Yves Saint Laurent is a popular mainstream cologne with strong buyer demand. Fresh citrus opening, aromatic heart, and smooth amber/woody dry-down. Built for everyday wear, date nights, and special events with long-lasting projection. Why customers buy it: recognizable name, gift-friendly presentation, and versatile scent profile. Supplier check link: View supplier listing",166.16,212.68,13,https://cdn.fragrancenet.com/images/photos/900x900/325122.jpg,https://images.unsplash.com/photo-1712995518948-93c10327836b?ixlib=rb-4.1.0&q=85&fm=jpg&crop=entropy&cs=srgb&dl=laura-chouette--bNjKyrm9CM-unsplash.jpg&w=1400 | https://images.unsplash.com/photo-1768025719875-48ed072f3084?ixlib=rb-4.1.0&q=85&fm=jpg&crop=entropy&cs=srgb&dl=tuaans-xsS6wfjFTcw-unsplash.jpg&w=1400 | https://images.unsplash.com/photo-1669200141274-38ae8632a86a?ixlib=rb-4.1.0&q=85&fm=jpg&crop=entropy&cs=srgb&dl=sticker-it-XlacyI9_9DI-unsplash.jpg&w=1400 | https://images.unsplash.com/photo-1564644411635-5ec7c9aca726?ixlib=rb-4.1.0&q=85&fm=jpg&crop=entropy&cs=srgb&dl=21-swan-3C5ZfCLSGC4-unsplash.jpg&w=1400,FragranceNet,https://www.fragrancenet.com/search/?gsearch=Y+Eau+de+Parfum+Collector+Edition,FragranceX,https://www.fragrancex.com/search/search_results?search=Y+Eau+de+Parfum+Collector+Edition,Perfume.com,https://www.perfume.com/search?keyword=Y+Eau+de+Parfum+Collector+Edition,active,"cologne,men,ysl,mainstream,drop8,5photos"
DROP8-037-GIOR-01-2979,Acqua di Gio Eau de Toilette Travel Spray 10ml,"Acqua di Gio Eau de Toilette Travel Spray 10ml by Giorgio Armani is a popular mainstream cologne with strong buyer demand. Fresh citrus opening, aromatic heart, and smooth amber/woody dry-down. Built for everyday wear, date nights, and special events with long-lasting projection. Why customers buy it: recognizable name, gift-friendly presentation, and versatile scent profile. Supplier check link: View supplier listing",27.72,35.48,19,https://cdn.fragrancenet.com/images/photos/900x900/126343.jpg,https://images.unsplash.com/photo-1768025719875-48ed072f3084?ixlib=rb-4.1.0&q=85&fm=jpg&crop=entropy&cs=srgb&dl=tuaans-xsS6wfjFTcw-unsplash.jpg&w=1400 | https://images.unsplash.com/photo-1669200141274-38ae8632a86a?ixlib=rb-4.1.0&q=85&fm=jpg&crop=entropy&cs=srgb&dl=sticker-it-XlacyI9_9DI-unsplash.jpg&w=1400 | https://images.unsplash.com/photo-1564644411635-5ec7c9aca726?ixlib=rb-4.1.0&q=85&fm=jpg&crop=entropy&cs=srgb&dl=21-swan-3C5ZfCLSGC4-unsplash.jpg&w=1400 | https://images.unsplash.com/photo-1683401100111-40306e381429?ixlib=rb-4.1.0&q=85&fm=jpg&crop=entropy&cs=srgb&dl=sanket-mishra-olwncwHENlQ-unsplash.jpg&w=1400,FragranceNet,https://www.fragrancenet.com/search/?gsearch=Acqua+di+Gio+Eau+de+Toilette+Travel+Spray+10ml,FragranceX,https://www.fragrancex.com/search/search_results?search=Acqua+di+Gio+Eau+de+Toilette+Travel+Spray+10ml,Perfume.com,https://www.perfume.com/search?keyword=Acqua+di+Gio+Eau+de+Toilette+Travel+Spray+10ml,active,"cologne,men,armani,mainstream,drop8,5photos"
DROP8-038-GIOR-02-2979,Acqua di Gio Eau de Toilette 30ml,"Acqua di Gio Eau de Toilette 30ml by Giorgio Armani is a popular mainstream cologne with strong buyer demand. Fresh citrus opening, aromatic heart, and smooth amber/woody dry-down. Built for everyday wear, date nights, and special events with long-lasting projection. Why customers buy it: recognizable name, gift-friendly presentation, and versatile scent profile. Supplier check link: View supplier listing",51.48,65.89,24,https://cdn.fragrancenet.com/images/photos/900x900/126343.jpg,https://images.unsplash.com/photo-1669200141274-38ae8632a86a?ixlib=rb-4.1.0&q=85&fm=jpg&crop=entropy&cs=srgb&dl=sticker-it-XlacyI9_9DI-unsplash.jpg&w=1400 | https://images.unsplash.com/photo-1564644411635-5ec7c9aca726?ixlib=rb-4.1.0&q=85&fm=jpg&crop=entropy&cs=srgb&dl=21-swan-3C5ZfCLSGC4-unsplash.jpg&w=1400 | https://images.unsplash.com/photo-1683401100111-40306e381429?ixlib=rb-4.1.0&q=85&fm=jpg&crop=entropy&cs=srgb&dl=sanket-mishra-olwncwHENlQ-unsplash.jpg&w=1400 | https://images.unsplash.com/photo-1623607037050-ac8e7cce86c6?ixlib=rb-4.1.0&q=85&fm=jpg&crop=entropy&cs=srgb&dl=tron-le--eYFABw8b0c-unsplash.jpg&w=1400,FragranceNet,https://www.fragrancenet.com/search/?gsearch=Acqua+di+Gio+Eau+de+Toilette+30ml,FragranceX,https://www.fragrancex.com/search/search_results?search=Acqua+di+Gio+Eau+de+Toilette+30ml,Perfume.com,https://www.perfume.com/search?keyword=Acqua+di+Gio+Eau+de+Toilette+30ml,active,"cologne,men,armani,mainstream,drop8,5photos"
DROP8-039-GIOR-03-2979,Acqua di Gio Eau de Toilette 50ml,"Acqua di Gio Eau de Toilette 50ml by Giorgio Armani is a popular mainstream cologne with strong buyer demand. Fresh citrus opening, aromatic heart, and smooth amber/woody dry-down. Built for everyday wear, date nights, and special events with long-lasting projection. Why customers buy it: recognizable name, gift-friendly presentation, and versatile scent profile. Supplier check link: View supplier listing",71.28,91.24,29,https://cdn.fragrancenet.com/images/photos/900x900/126343.jpg,https://images.unsplash.com/photo-1564644411635-5ec7c9aca726?ixlib=rb-4.1.0&q=85&fm=jpg&crop=entropy&cs=srgb&dl=21-swan-3C5ZfCLSGC4-unsplash.jpg&w=1400 | https://images.unsplash.com/photo-1683401100111-40306e381429?ixlib=rb-4.1.0&q=85&fm=jpg&crop=entropy&cs=srgb&dl=sanket-mishra-olwncwHENlQ-unsplash.jpg&w=1400 | https://images.unsplash.com/photo-1623607037050-ac8e7cce86c6?ixlib=rb-4.1.0&q=85&fm=jpg&crop=entropy&cs=srgb&dl=tron-le--eYFABw8b0c-unsplash.jpg&w=1400 | https://images.unsplash.com/photo-1635847421955-db26af776e5d?ixlib=rb-4.1.0&q=85&fm=jpg&crop=entropy&cs=srgb&dl=marie-g-Qjdzsw-lBJ4-unsplash.jpg&w=1400,FragranceNet,https://www.fragrancenet.com/search/?gsearch=Acqua+di+Gio+Eau+de+Toilette+50ml,FragranceX,https://www.fragrancex.com/search/search_results?search=Acqua+di+Gio+Eau+de+Toilette+50ml,Perfume.com,https://www.perfume.com/search?keyword=Acqua+di+Gio+Eau+de+Toilette+50ml,active,"cologne,men,armani,mainstream,drop8,5photos"
DROP8-040-GIOR-04-2979,Acqua di Gio Eau de Toilette 100ml,"Acqua di Gio Eau de Toilette 100ml by Giorgio Armani is a popular mainstream cologne with strong buyer demand. Fresh citrus opening, aromatic heart, and smooth amber/woody dry-down. Built for everyday wear, date nights, and special events with long-lasting projection. Why customers buy it: recognizable name, gift-friendly presentation, and versatile scent profile. Supplier check link: View supplier listing",99.00,126.72,36,https://cdn.fragrancenet.com/images/photos/900x900/126343.jpg,https://images.unsplash.com/photo-1683401100111-40306e381429?ixlib=rb-4.1.0&q=85&fm=jpg&crop=entropy&cs=srgb&dl=sanket-mishra-olwncwHENlQ-unsplash.jpg&w=1400 | https://images.unsplash.com/photo-1623607037050-ac8e7cce86c6?ixlib=rb-4.1.0&q=85&fm=jpg&crop=entropy&cs=srgb&dl=tron-le--eYFABw8b0c-unsplash.jpg&w=1400 | https://images.unsplash.com/photo-1635847421955-db26af776e5d?ixlib=rb-4.1.0&q=85&fm=jpg&crop=entropy&cs=srgb&dl=marie-g-Qjdzsw-lBJ4-unsplash.jpg&w=1400 | https://images.unsplash.com/photo-1717154462649-e0c67fa0f556?ixlib=rb-4.1.0&q=85&fm=jpg&crop=entropy&cs=srgb&dl=harper-sunday-mtCh6Ny8LaU-unsplash.jpg&w=1400,FragranceNet,https://www.fragrancenet.com/search/?gsearch=Acqua+di+Gio+Eau+de+Toilette+100ml,FragranceX,https://www.fragrancex.com/search/search_results?search=Acqua+di+Gio+Eau+de+Toilette+100ml,Perfume.com,https://www.perfume.com/search?keyword=Acqua+di+Gio+Eau+de+Toilette+100ml,active,"cologne,men,armani,mainstream,drop8,5photos"
DROP8-041-GIOR-05-2979,Acqua di Gio Eau de Toilette 150ml,"Acqua di Gio Eau de Toilette 150ml by Giorgio Armani is a popular mainstream cologne with strong buyer demand. Fresh citrus opening, aromatic heart, and smooth amber/woody dry-down. Built for everyday wear, date nights, and special events with long-lasting projection. Why customers buy it: recognizable name, gift-friendly presentation, and versatile scent profile. Supplier check link: View supplier listing",120.78,154.60,29,https://cdn.fragrancenet.com/images/photos/900x900/126343.jpg,https://images.unsplash.com/photo-1623607037050-ac8e7cce86c6?ixlib=rb-4.1.0&q=85&fm=jpg&crop=entropy&cs=srgb&dl=tron-le--eYFABw8b0c-unsplash.jpg&w=1400 | https://images.unsplash.com/photo-1635847421955-db26af776e5d?ixlib=rb-4.1.0&q=85&fm=jpg&crop=entropy&cs=srgb&dl=marie-g-Qjdzsw-lBJ4-unsplash.jpg&w=1400 | https://images.unsplash.com/photo-1717154462649-e0c67fa0f556?ixlib=rb-4.1.0&q=85&fm=jpg&crop=entropy&cs=srgb&dl=harper-sunday-mtCh6Ny8LaU-unsplash.jpg&w=1400 | https://images.unsplash.com/photo-1712995518948-93c10327836b?ixlib=rb-4.1.0&q=85&fm=jpg&crop=entropy&cs=srgb&dl=laura-chouette--bNjKyrm9CM-unsplash.jpg&w=1400,FragranceNet,https://www.fragrancenet.com/search/?gsearch=Acqua+di+Gio+Eau+de+Toilette+150ml,FragranceX,https://www.fragrancex.com/search/search_results?search=Acqua+di+Gio+Eau+de+Toilette+150ml,Perfume.com,https://www.perfume.com/search?keyword=Acqua+di+Gio+Eau+de+Toilette+150ml,active,"cologne,men,armani,mainstream,drop8,5photos"
DROP8-042-GIOR-06-2979,Acqua di Gio Eau de Toilette 200ml,"Acqua di Gio Eau de Toilette 200ml by Giorgio Armani is a popular mainstream cologne with strong buyer demand. Fresh citrus opening, aromatic heart, and smooth amber/woody dry-down. Built for everyday wear, date nights, and special events with long-lasting projection. Why customers buy it: recognizable name, gift-friendly presentation, and versatile scent profile. Supplier check link: View supplier listing",140.58,179.94,22,https://cdn.fragrancenet.com/images/photos/900x900/126343.jpg,https://images.unsplash.com/photo-1635847421955-db26af776e5d?ixlib=rb-4.1.0&q=85&fm=jpg&crop=entropy&cs=srgb&dl=marie-g-Qjdzsw-lBJ4-unsplash.jpg&w=1400 | https://images.unsplash.com/photo-1717154462649-e0c67fa0f556?ixlib=rb-4.1.0&q=85&fm=jpg&crop=entropy&cs=srgb&dl=harper-sunday-mtCh6Ny8LaU-unsplash.jpg&w=1400 | https://images.unsplash.com/photo-1712995518948-93c10327836b?ixlib=rb-4.1.0&q=85&fm=jpg&crop=entropy&cs=srgb&dl=laura-chouette--bNjKyrm9CM-unsplash.jpg&w=1400 | https://images.unsplash.com/photo-1768025719875-48ed072f3084?ixlib=rb-4.1.0&q=85&fm=jpg&crop=entropy&cs=srgb&dl=tuaans-xsS6wfjFTcw-unsplash.jpg&w=1400,FragranceNet,https://www.fragrancenet.com/search/?gsearch=Acqua+di+Gio+Eau+de+Toilette+200ml,FragranceX,https://www.fragrancex.com/search/search_results?search=Acqua+di+Gio+Eau+de+Toilette+200ml,Perfume.com,https://www.perfume.com/search?keyword=Acqua+di+Gio+Eau+de+Toilette+200ml,active,"cologne,men,armani,mainstream,drop8,5photos"
DROP8-043-GIOR-07-2979,Acqua di Gio Eau de Toilette Gift Set,"Acqua di Gio Eau de Toilette Gift Set by Giorgio Armani is a popular mainstream cologne with strong buyer demand. Fresh citrus opening, aromatic heart, and smooth amber/woody dry-down. Built for everyday wear, date nights, and special events with long-lasting projection. Why customers buy it: recognizable name, gift-friendly presentation, and versatile scent profile. Supplier check link: View supplier listing",113.85,145.73,14,https://cdn.fragrancenet.com/images/photos/900x900/126343.jpg,https://images.unsplash.com/photo-1717154462649-e0c67fa0f556?ixlib=rb-4.1.0&q=85&fm=jpg&crop=entropy&cs=srgb&dl=harper-sunday-mtCh6Ny8LaU-unsplash.jpg&w=1400 | https://images.unsplash.com/photo-1712995518948-93c10327836b?ixlib=rb-4.1.0&q=85&fm=jpg&crop=entropy&cs=srgb&dl=laura-chouette--bNjKyrm9CM-unsplash.jpg&w=1400 | https://images.unsplash.com/photo-1768025719875-48ed072f3084?ixlib=rb-4.1.0&q=85&fm=jpg&crop=entropy&cs=srgb&dl=tuaans-xsS6wfjFTcw-unsplash.jpg&w=1400 | https://images.unsplash.com/photo-1669200141274-38ae8632a86a?ixlib=rb-4.1.0&q=85&fm=jpg&crop=entropy&cs=srgb&dl=sticker-it-XlacyI9_9DI-unsplash.jpg&w=1400,FragranceNet,https://www.fragrancenet.com/search/?gsearch=Acqua+di+Gio+Eau+de+Toilette+Gift+Set,FragranceX,https://www.fragrancex.com/search/search_results?search=Acqua+di+Gio+Eau+de+Toilette+Gift+Set,Perfume.com,https://www.perfume.com/search?keyword=Acqua+di+Gio+Eau+de+Toilette+Gift+Set,active,"cologne,men,armani,mainstream,drop8,5photos"
DROP8-044-GIOR-08-2979,Acqua di Gio Eau de Toilette Holiday Box,"Acqua di Gio Eau de Toilette Holiday Box by Giorgio Armani is a popular mainstream cologne with strong buyer demand. Fresh citrus opening, aromatic heart, and smooth amber/woody dry-down. Built for everyday wear, date nights, and special events with long-lasting projection. Why customers buy it: recognizable name, gift-friendly presentation, and versatile scent profile. Supplier check link: View supplier listing",116.82,149.53,13,https://cdn.fragrancenet.com/images/photos/900x900/126343.jpg,https://images.unsplash.com/photo-1712995518948-93c10327836b?ixlib=rb-4.1.0&q=85&fm=jpg&crop=entropy&cs=srgb&dl=laura-chouette--bNjKyrm9CM-unsplash.jpg&w=1400 | https://images.unsplash.com/photo-1768025719875-48ed072f3084?ixlib=rb-4.1.0&q=85&fm=jpg&crop=entropy&cs=srgb&dl=tuaans-xsS6wfjFTcw-unsplash.jpg&w=1400 | https://images.unsplash.com/photo-1669200141274-38ae8632a86a?ixlib=rb-4.1.0&q=85&fm=jpg&crop=entropy&cs=srgb&dl=sticker-it-XlacyI9_9DI-unsplash.jpg&w=1400 | https://images.unsplash.com/photo-1564644411635-5ec7c9aca726?ixlib=rb-4.1.0&q=85&fm=jpg&crop=entropy&cs=srgb&dl=21-swan-3C5ZfCLSGC4-unsplash.jpg&w=1400,FragranceNet,https://www.fragrancenet.com/search/?gsearch=Acqua+di+Gio+Eau+de+Toilette+Holiday+Box,FragranceX,https://www.fragrancex.com/search/search_results?search=Acqua+di+Gio+Eau+de+Toilette+Holiday+Box,Perfume.com,https://www.perfume.com/search?keyword=Acqua+di+Gio+Eau+de+Toilette+Holiday+Box,active,"cologne,men,armani,mainstream,drop8,5photos"
DROP8-045-GIOR-09-2979,Acqua di Gio Eau de Toilette Limited Edition,"Acqua di Gio Eau de Toilette Limited Edition by Giorgio Armani is a popular mainstream cologne with strong buyer demand. Fresh citrus opening, aromatic heart, and smooth amber/woody dry-down. Built for everyday wear, date nights, and special events with long-lasting projection. Why customers buy it: recognizable name, gift-friendly presentation, and versatile scent profile. Supplier check link: View supplier listing",106.92,136.86,12,https://cdn.fragrancenet.com/images/photos/900x900/126343.jpg,https://images.unsplash.com/photo-1768025719875-48ed072f3084?ixlib=rb-4.1.0&q=85&fm=jpg&crop=entropy&cs=srgb&dl=tuaans-xsS6wfjFTcw-unsplash.jpg&w=1400 | https://images.unsplash.com/photo-1669200141274-38ae8632a86a?ixlib=rb-4.1.0&q=85&fm=jpg&crop=entropy&cs=srgb&dl=sticker-it-XlacyI9_9DI-unsplash.jpg&w=1400 | https://images.unsplash.com/photo-1564644411635-5ec7c9aca726?ixlib=rb-4.1.0&q=85&fm=jpg&crop=entropy&cs=srgb&dl=21-swan-3C5ZfCLSGC4-unsplash.jpg&w=1400 | https://images.unsplash.com/photo-1683401100111-40306e381429?ixlib=rb-4.1.0&q=85&fm=jpg&crop=entropy&cs=srgb&dl=sanket-mishra-olwncwHENlQ-unsplash.jpg&w=1400,FragranceNet,https://www.fragrancenet.com/search/?gsearch=Acqua+di+Gio+Eau+de+Toilette+Limited+Edition,FragranceX,https://www.fragrancex.com/search/search_results?search=Acqua+di+Gio+Eau+de+Toilette+Limited+Edition,Perfume.com,https://www.perfume.com/search?keyword=Acqua+di+Gio+Eau+de+Toilette+Limited+Edition,active,"cologne,men,armani,mainstream,drop8,5photos"
DROP8-046-GIOR-10-2979,Acqua di Gio Eau de Toilette Refill,"Acqua di Gio Eau de Toilette Refill by Giorgio Armani is a popular mainstream cologne with strong buyer demand. Fresh citrus opening, aromatic heart, and smooth amber/woody dry-down. Built for everyday wear, date nights, and special events with long-lasting projection. Why customers buy it: recognizable name, gift-friendly presentation, and versatile scent profile. Supplier check link: View supplier listing",91.08,116.58,18,https://cdn.fragrancenet.com/images/photos/900x900/126343.jpg,https://images.unsplash.com/photo-1669200141274-38ae8632a86a?ixlib=rb-4.1.0&q=85&fm=jpg&crop=entropy&cs=srgb&dl=sticker-it-XlacyI9_9DI-unsplash.jpg&w=1400 | https://images.unsplash.com/photo-1564644411635-5ec7c9aca726?ixlib=rb-4.1.0&q=85&fm=jpg&crop=entropy&cs=srgb&dl=21-swan-3C5ZfCLSGC4-unsplash.jpg&w=1400 | https://images.unsplash.com/photo-1683401100111-40306e381429?ixlib=rb-4.1.0&q=85&fm=jpg&crop=entropy&cs=srgb&dl=sanket-mishra-olwncwHENlQ-unsplash.jpg&w=1400 | https://images.unsplash.com/photo-1623607037050-ac8e7cce86c6?ixlib=rb-4.1.0&q=85&fm=jpg&crop=entropy&cs=srgb&dl=tron-le--eYFABw8b0c-unsplash.jpg&w=1400,FragranceNet,https://www.fragrancenet.com/search/?gsearch=Acqua+di+Gio+Eau+de+Toilette+Refill,FragranceX,https://www.fragrancex.com/search/search_results?search=Acqua+di+Gio+Eau+de+Toilette+Refill,Perfume.com,https://www.perfume.com/search?keyword=Acqua+di+Gio+Eau+de+Toilette+Refill,active,"cologne,men,armani,mainstream,drop8,5photos"
DROP8-047-GIOR-11-2979,Acqua di Gio Eau de Toilette Duo Pack,"Acqua di Gio Eau de Toilette Duo Pack by Giorgio Armani is a popular mainstream cologne with strong buyer demand. Fresh citrus opening, aromatic heart, and smooth amber/woody dry-down. Built for everyday wear, date nights, and special events with long-lasting projection. Why customers buy it: recognizable name, gift-friendly presentation, and versatile scent profile. Supplier check link: View supplier listing",163.35,209.09,13,https://cdn.fragrancenet.com/images/photos/900x900/126343.jpg,https://images.unsplash.com/photo-1564644411635-5ec7c9aca726?ixlib=rb-4.1.0&q=85&fm=jpg&crop=entropy&cs=srgb&dl=21-swan-3C5ZfCLSGC4-unsplash.jpg&w=1400 | https://images.unsplash.com/photo-1683401100111-40306e381429?ixlib=rb-4.1.0&q=85&fm=jpg&crop=entropy&cs=srgb&dl=sanket-mishra-olwncwHENlQ-unsplash.jpg&w=1400 | https://images.unsplash.com/photo-1623607037050-ac8e7cce86c6?ixlib=rb-4.1.0&q=85&fm=jpg&crop=entropy&cs=srgb&dl=tron-le--eYFABw8b0c-unsplash.jpg&w=1400 | https://images.unsplash.com/photo-1635847421955-db26af776e5d?ixlib=rb-4.1.0&q=85&fm=jpg&crop=entropy&cs=srgb&dl=marie-g-Qjdzsw-lBJ4-unsplash.jpg&w=1400,FragranceNet,https://www.fragrancenet.com/search/?gsearch=Acqua+di+Gio+Eau+de+Toilette+Duo+Pack,FragranceX,https://www.fragrancex.com/search/search_results?search=Acqua+di+Gio+Eau+de+Toilette+Duo+Pack,Perfume.com,https://www.perfume.com/search?keyword=Acqua+di+Gio+Eau+de+Toilette+Duo+Pack,active,"cologne,men,armani,mainstream,drop8,5photos"
DROP8-048-GIOR-12-2979,Acqua di Gio Eau de Toilette Collector Edition,"Acqua di Gio Eau de Toilette Collector Edition by Giorgio Armani is a popular mainstream cologne with strong buyer demand. Fresh citrus opening, aromatic heart, and smooth amber/woody dry-down. Built for everyday wear, date nights, and special events with long-lasting projection. Why customers buy it: recognizable name, gift-friendly presentation, and versatile scent profile. Supplier check link: View supplier listing",132.66,169.80,13,https://cdn.fragrancenet.com/images/photos/900x900/126343.jpg,https://images.unsplash.com/photo-1683401100111-40306e381429?ixlib=rb-4.1.0&q=85&fm=jpg&crop=entropy&cs=srgb&dl=sanket-mishra-olwncwHENlQ-unsplash.jpg&w=1400 | https://images.unsplash.com/photo-1623607037050-ac8e7cce86c6?ixlib=rb-4.1.0&q=85&fm=jpg&crop=entropy&cs=srgb&dl=tron-le--eYFABw8b0c-unsplash.jpg&w=1400 | https://images.unsplash.com/photo-1635847421955-db26af776e5d?ixlib=rb-4.1.0&q=85&fm=jpg&crop=entropy&cs=srgb&dl=marie-g-Qjdzsw-lBJ4-unsplash.jpg&w=1400 | https://images.unsplash.com/photo-1717154462649-e0c67fa0f556?ixlib=rb-4.1.0&q=85&fm=jpg&crop=entropy&cs=srgb&dl=harper-sunday-mtCh6Ny8LaU-unsplash.jpg&w=1400,FragranceNet,https://www.fragrancenet.com/search/?gsearch=Acqua+di+Gio+Eau+de+Toilette+Collector+Edition,FragranceX,https://www.fragrancex.com/search/search_results?search=Acqua+di+Gio+Eau+de+Toilette+Collector+Edition,Perfume.com,https://www.perfume.com/search?keyword=Acqua+di+Gio+Eau+de+Toilette+Collector+Edition,active,"cologne,men,armani,mainstream,drop8,5photos"
DROP8-049-GIOR-01-5068,Armani Code Eau de Toilette Travel Spray 10ml,"Armani Code Eau de Toilette Travel Spray 10ml by Giorgio Armani is a popular mainstream cologne with strong buyer demand. Fresh citrus opening, aromatic heart, and smooth amber/woody dry-down. Built for everyday wear, date nights, and special events with long-lasting projection. Why customers buy it: recognizable name, gift-friendly presentation, and versatile scent profile. Supplier check link: View supplier listing",31.36,40.14,19,https://cdn.fragrancenet.com/images/photos/900x900/461902.jpg,https://images.unsplash.com/photo-1623607037050-ac8e7cce86c6?ixlib=rb-4.1.0&q=85&fm=jpg&crop=entropy&cs=srgb&dl=tron-le--eYFABw8b0c-unsplash.jpg&w=1400 | https://images.unsplash.com/photo-1635847421955-db26af776e5d?ixlib=rb-4.1.0&q=85&fm=jpg&crop=entropy&cs=srgb&dl=marie-g-Qjdzsw-lBJ4-unsplash.jpg&w=1400 | https://images.unsplash.com/photo-1717154462649-e0c67fa0f556?ixlib=rb-4.1.0&q=85&fm=jpg&crop=entropy&cs=srgb&dl=harper-sunday-mtCh6Ny8LaU-unsplash.jpg&w=1400 | https://images.unsplash.com/photo-1712995518948-93c10327836b?ixlib=rb-4.1.0&q=85&fm=jpg&crop=entropy&cs=srgb&dl=laura-chouette--bNjKyrm9CM-unsplash.jpg&w=1400,FragranceNet,https://www.fragrancenet.com/search/?gsearch=Armani+Code+Eau+de+Toilette+Travel+Spray+10ml,FragranceX,https://www.fragrancex.com/search/search_results?search=Armani+Code+Eau+de+Toilette+Travel+Spray+10ml,Perfume.com,https://www.perfume.com/search?keyword=Armani+Code+Eau+de+Toilette+Travel+Spray+10ml,active,"cologne,men,armani,mainstream,drop8,5photos"
DROP8-050-GIOR-02-5068,Armani Code Eau de Toilette 30ml,"Armani Code Eau de Toilette 30ml by Giorgio Armani is a popular mainstream cologne with strong buyer demand. Fresh citrus opening, aromatic heart, and smooth amber/woody dry-down. Built for everyday wear, date nights, and special events with long-lasting projection. Why customers buy it: recognizable name, gift-friendly presentation, and versatile scent profile. Supplier check link: View supplier listing",58.24,74.55,24,https://cdn.fragrancenet.com/images/photos/900x900/461902.jpg,https://images.unsplash.com/photo-1635847421955-db26af776e5d?ixlib=rb-4.1.0&q=85&fm=jpg&crop=entropy&cs=srgb&dl=marie-g-Qjdzsw-lBJ4-unsplash.jpg&w=1400 | https://images.unsplash.com/photo-1717154462649-e0c67fa0f556?ixlib=rb-4.1.0&q=85&fm=jpg&crop=entropy&cs=srgb&dl=harper-sunday-mtCh6Ny8LaU-unsplash.jpg&w=1400 | https://images.unsplash.com/photo-1712995518948-93c10327836b?ixlib=rb-4.1.0&q=85&fm=jpg&crop=entropy&cs=srgb&dl=laura-chouette--bNjKyrm9CM-unsplash.jpg&w=1400 | https://images.unsplash.com/photo-1768025719875-48ed072f3084?ixlib=rb-4.1.0&q=85&fm=jpg&crop=entropy&cs=srgb&dl=tuaans-xsS6wfjFTcw-unsplash.jpg&w=1400,FragranceNet,https://www.fragrancenet.com/search/?gsearch=Armani+Code+Eau+de+Toilette+30ml,FragranceX,https://www.fragrancex.com/search/search_results?search=Armani+Code+Eau+de+Toilette+30ml,Perfume.com,https://www.perfume.com/search?keyword=Armani+Code+Eau+de+Toilette+30ml,active,"cologne,men,armani,mainstream,drop8,5photos"
