SKU,Title,URL handle,Description,Price,Compare-at price,Inventory quantity,Product image URL,Status,Tags
GTSHIRT-00001,Performance Golf T-Shirt Classic Fit Black 001,performance-golf-t-shirt-classic-fit-black-001,Performance golf t-shirt in black with classic fit comfort for everyday rounds.,21.24,27.61,16,https://picsum.photos/seed/gtshirt-00001/1200/1200,active,"golf,tshirt,apparel,golf-shirt"
GTSHIRT-00002,Breathable Golf T-Shirt Athletic Fit White 002,breathable-golf-t-shirt-athletic-fit-white-002,Breathable golf t-shirt in white with athletic fit comfort for everyday rounds.,22.49,29.24,17,https://picsum.photos/seed/gtshirt-00002/1200/1200,active,"golf,tshirt,apparel,golf-shirt"
GTSHIRT-00003,Moisture-Wick Golf T-Shirt Relaxed Fit Navy 003,moisture-wick-golf-t-shirt-relaxed-fit-navy-003,Moisture-Wick golf t-shirt in navy with relaxed fit comfort for everyday rounds.,23.74,30.86,18,https://picsum.photos/seed/gtshirt-00003/1200/1200,active,"golf,tshirt,apparel,golf-shirt"
GTSHIRT-00004,Premium Cotton Golf T-Shirt Slim Fit Gray 004,premium-cotton-golf-t-shirt-slim-fit-gray-004,Premium Cotton golf t-shirt in gray with slim fit comfort for everyday rounds.,24.99,32.49,19,https://picsum.photos/seed/gtshirt-00004/1200/1200,active,"golf,tshirt,apparel,golf-shirt"
GTSHIRT-00005,Lightweight Golf T-Shirt Classic Fit Green 005,lightweight-golf-t-shirt-classic-fit-green-005,Lightweight golf t-shirt in green with classic fit comfort for everyday rounds.,26.24,34.11,20,https://picsum.photos/seed/gtshirt-00005/1200/1200,active,"golf,tshirt,apparel,golf-shirt"
GTSHIRT-00006,Performance Golf T-Shirt Athletic Fit Blue 006,performance-golf-t-shirt-athletic-fit-blue-006,Performance golf t-shirt in blue with athletic fit comfort for everyday rounds.,27.49,35.74,21,https://picsum.photos/seed/gtshirt-00006/1200/1200,active,"golf,tshirt,apparel,golf-shirt"
GTSHIRT-00007,Breathable Golf T-Shirt Relaxed Fit Red 007,breathable-golf-t-shirt-relaxed-fit-red-007,Breathable golf t-shirt in red with relaxed fit comfort for everyday rounds.,28.74,37.36,22,https://picsum.photos/seed/gtshirt-00007/1200/1200,active,"golf,tshirt,apparel,golf-shirt"
GTSHIRT-00008,Moisture-Wick Golf T-Shirt Slim Fit Sand 008,moisture-wick-golf-t-shirt-slim-fit-sand-008,Moisture-Wick golf t-shirt in sand with slim fit comfort for everyday rounds.,29.99,38.99,23,https://picsum.photos/seed/gtshirt-00008/1200/1200,active,"golf,tshirt,apparel,golf-shirt"
GTSHIRT-00009,Premium Cotton Golf T-Shirt Classic Fit Black 009,premium-cotton-golf-t-shirt-classic-fit-black-009,Premium Cotton golf t-shirt in black with classic fit comfort for everyday rounds.,31.24,40.61,24,https://picsum.photos/seed/gtshirt-00009/1200/1200,active,"golf,tshirt,apparel,golf-shirt"
GTSHIRT-00010,Lightweight Golf T-Shirt Athletic Fit White 010,lightweight-golf-t-shirt-athletic-fit-white-010,Lightweight golf t-shirt in white with athletic fit comfort for everyday rounds.,32.49,42.24,25,https://picsum.photos/seed/gtshirt-00010/1200/1200,active,"golf,tshirt,apparel,golf-shirt"
GTSHIRT-00011,Performance Golf T-Shirt Relaxed Fit Navy 011,performance-golf-t-shirt-relaxed-fit-navy-011,Performance golf t-shirt in navy with relaxed fit comfort for everyday rounds.,33.74,43.86,26,https://picsum.photos/seed/gtshirt-00011/1200/1200,active,"golf,tshirt,apparel,golf-shirt"
GTSHIRT-00012,Breathable Golf T-Shirt Slim Fit Gray 012,breathable-golf-t-shirt-slim-fit-gray-012,Breathable golf t-shirt in gray with slim fit comfort for everyday rounds.,34.99,45.49,27,https://picsum.photos/seed/gtshirt-00012/1200/1200,active,"golf,tshirt,apparel,golf-shirt"
GTSHIRT-00013,Moisture-Wick Golf T-Shirt Classic Fit Green 013,moisture-wick-golf-t-shirt-classic-fit-green-013,Moisture-Wick golf t-shirt in green with classic fit comfort for everyday rounds.,36.24,47.11,28,https://picsum.photos/seed/gtshirt-00013/1200/1200,active,"golf,tshirt,apparel,golf-shirt"
GTSHIRT-00014,Premium Cotton Golf T-Shirt Athletic Fit Blue 014,premium-cotton-golf-t-shirt-athletic-fit-blue-014,Premium Cotton golf t-shirt in blue with athletic fit comfort for everyday rounds.,37.49,48.74,29,https://picsum.photos/seed/gtshirt-00014/1200/1200,active,"golf,tshirt,apparel,golf-shirt"
GTSHIRT-00015,Lightweight Golf T-Shirt Relaxed Fit Red 015,lightweight-golf-t-shirt-relaxed-fit-red-015,Lightweight golf t-shirt in red with relaxed fit comfort for everyday rounds.,19.99,25.99,30,https://picsum.photos/seed/gtshirt-00015/1200/1200,active,"golf,tshirt,apparel,golf-shirt"
GTSHIRT-00016,Performance Golf T-Shirt Slim Fit Sand 016,performance-golf-t-shirt-slim-fit-sand-016,Performance golf t-shirt in sand with slim fit comfort for everyday rounds.,21.24,27.61,31,https://picsum.photos/seed/gtshirt-00016/1200/1200,active,"golf,tshirt,apparel,golf-shirt"
GTSHIRT-00017,Breathable Golf T-Shirt Classic Fit Black 017,breathable-golf-t-shirt-classic-fit-black-017,Breathable golf t-shirt in black with classic fit comfort for everyday rounds.,22.49,29.24,32,https://picsum.photos/seed/gtshirt-00017/1200/1200,active,"golf,tshirt,apparel,golf-shirt"
GTSHIRT-00018,Moisture-Wick Golf T-Shirt Athletic Fit White 018,moisture-wick-golf-t-shirt-athletic-fit-white-018,Moisture-Wick golf t-shirt in white with athletic fit comfort for everyday rounds.,23.74,30.86,33,https://picsum.photos/seed/gtshirt-00018/1200/1200,active,"golf,tshirt,apparel,golf-shirt"
GTSHIRT-00019,Premium Cotton Golf T-Shirt Relaxed Fit Navy 019,premium-cotton-golf-t-shirt-relaxed-fit-navy-019,Premium Cotton golf t-shirt in navy with relaxed fit comfort for everyday rounds.,24.99,32.49,34,https://picsum.photos/seed/gtshirt-00019/1200/1200,active,"golf,tshirt,apparel,golf-shirt"
GTSHIRT-00020,Lightweight Golf T-Shirt Slim Fit Gray 020,lightweight-golf-t-shirt-slim-fit-gray-020,Lightweight golf t-shirt in gray with slim fit comfort for everyday rounds.,26.24,34.11,35,https://picsum.photos/seed/gtshirt-00020/1200/1200,active,"golf,tshirt,apparel,golf-shirt"
GTSHIRT-00021,Performance Golf T-Shirt Classic Fit Green 021,performance-golf-t-shirt-classic-fit-green-021,Performance golf t-shirt in green with classic fit comfort for everyday rounds.,27.49,35.74,36,https://picsum.photos/seed/gtshirt-00021/1200/1200,active,"golf,tshirt,apparel,golf-shirt"
GTSHIRT-00022,Breathable Golf T-Shirt Athletic Fit Blue 022,breathable-golf-t-shirt-athletic-fit-blue-022,Breathable golf t-shirt in blue with athletic fit comfort for everyday rounds.,28.74,37.36,37,https://picsum.photos/seed/gtshirt-00022/1200/1200,active,"golf,tshirt,apparel,golf-shirt"
GTSHIRT-00023,Moisture-Wick Golf T-Shirt Relaxed Fit Red 023,moisture-wick-golf-t-shirt-relaxed-fit-red-023,Moisture-Wick golf t-shirt in red with relaxed fit comfort for everyday rounds.,29.99,38.99,38,https://picsum.photos/seed/gtshirt-00023/1200/1200,active,"golf,tshirt,apparel,golf-shirt"
GTSHIRT-00024,Premium Cotton Golf T-Shirt Slim Fit Sand 024,premium-cotton-golf-t-shirt-slim-fit-sand-024,Premium Cotton golf t-shirt in sand with slim fit comfort for everyday rounds.,31.24,40.61,39,https://picsum.photos/seed/gtshirt-00024/1200/1200,active,"golf,tshirt,apparel,golf-shirt"
GTSHIRT-00025,Lightweight Golf T-Shirt Classic Fit Black 025,lightweight-golf-t-shirt-classic-fit-black-025,Lightweight golf t-shirt in black with classic fit comfort for everyday rounds.,32.49,42.24,40,https://picsum.photos/seed/gtshirt-00025/1200/1200,active,"golf,tshirt,apparel,golf-shirt"
GTSHIRT-00026,Performance Golf T-Shirt Athletic Fit White 026,performance-golf-t-shirt-athletic-fit-white-026,Performance golf t-shirt in white with athletic fit comfort for everyday rounds.,33.74,43.86,41,https://picsum.photos/seed/gtshirt-00026/1200/1200,active,"golf,tshirt,apparel,golf-shirt"
GTSHIRT-00027,Breathable Golf T-Shirt Relaxed Fit Navy 027,breathable-golf-t-shirt-relaxed-fit-navy-027,Breathable golf t-shirt in navy with relaxed fit comfort for everyday rounds.,34.99,45.49,42,https://picsum.photos/seed/gtshirt-00027/1200/1200,active,"golf,tshirt,apparel,golf-shirt"
GTSHIRT-00028,Moisture-Wick Golf T-Shirt Slim Fit Gray 028,moisture-wick-golf-t-shirt-slim-fit-gray-028,Moisture-Wick golf t-shirt in gray with slim fit comfort for everyday rounds.,36.24,47.11,43,https://picsum.photos/seed/gtshirt-00028/1200/1200,active,"golf,tshirt,apparel,golf-shirt"
GTSHIRT-00029,Premium Cotton Golf T-Shirt Classic Fit Green 029,premium-cotton-golf-t-shirt-classic-fit-green-029,Premium Cotton golf t-shirt in green with classic fit comfort for everyday rounds.,37.49,48.74,44,https://picsum.photos/seed/gtshirt-00029/1200/1200,active,"golf,tshirt,apparel,golf-shirt"
GTSHIRT-00030,Lightweight Golf T-Shirt Athletic Fit Blue 030,lightweight-golf-t-shirt-athletic-fit-blue-030,Lightweight golf t-shirt in blue with athletic fit comfort for everyday rounds.,19.99,25.99,45,https://picsum.photos/seed/gtshirt-00030/1200/1200,active,"golf,tshirt,apparel,golf-shirt"
GTSHIRT-00031,Performance Golf T-Shirt Relaxed Fit Red 031,performance-golf-t-shirt-relaxed-fit-red-031,Performance golf t-shirt in red with relaxed fit comfort for everyday rounds.,21.24,27.61,46,https://picsum.photos/seed/gtshirt-00031/1200/1200,active,"golf,tshirt,apparel,golf-shirt"
GTSHIRT-00032,Breathable Golf T-Shirt Slim Fit Sand 032,breathable-golf-t-shirt-slim-fit-sand-032,Breathable golf t-shirt in sand with slim fit comfort for everyday rounds.,22.49,29.24,47,https://picsum.photos/seed/gtshirt-00032/1200/1200,active,"golf,tshirt,apparel,golf-shirt"
GTSHIRT-00033,Moisture-Wick Golf T-Shirt Classic Fit Black 033,moisture-wick-golf-t-shirt-classic-fit-black-033,Moisture-Wick golf t-shirt in black with classic fit comfort for everyday rounds.,23.74,30.86,48,https://picsum.photos/seed/gtshirt-00033/1200/1200,active,"golf,tshirt,apparel,golf-shirt"
GTSHIRT-00034,Premium Cotton Golf T-Shirt Athletic Fit White 034,premium-cotton-golf-t-shirt-athletic-fit-white-034,Premium Cotton golf t-shirt in white with athletic fit comfort for everyday rounds.,24.99,32.49,49,https://picsum.photos/seed/gtshirt-00034/1200/1200,active,"golf,tshirt,apparel,golf-shirt"
GTSHIRT-00035,Lightweight Golf T-Shirt Relaxed Fit Navy 035,lightweight-golf-t-shirt-relaxed-fit-navy-035,Lightweight golf t-shirt in navy with relaxed fit comfort for everyday rounds.,26.24,34.11,50,https://picsum.photos/seed/gtshirt-00035/1200/1200,active,"golf,tshirt,apparel,golf-shirt"
GTSHIRT-00036,Performance Golf T-Shirt Slim Fit Gray 036,performance-golf-t-shirt-slim-fit-gray-036,Performance golf t-shirt in gray with slim fit comfort for everyday rounds.,27.49,35.74,51,https://picsum.photos/seed/gtshirt-00036/1200/1200,active,"golf,tshirt,apparel,golf-shirt"
GTSHIRT-00037,Breathable Golf T-Shirt Classic Fit Green 037,breathable-golf-t-shirt-classic-fit-green-037,Breathable golf t-shirt in green with classic fit comfort for everyday rounds.,28.74,37.36,52,https://picsum.photos/seed/gtshirt-00037/1200/1200,active,"golf,tshirt,apparel,golf-shirt"
GTSHIRT-00038,Moisture-Wick Golf T-Shirt Athletic Fit Blue 038,moisture-wick-golf-t-shirt-athletic-fit-blue-038,Moisture-Wick golf t-shirt in blue with athletic fit comfort for everyday rounds.,29.99,38.99,53,https://picsum.photos/seed/gtshirt-00038/1200/1200,active,"golf,tshirt,apparel,golf-shirt"
GTSHIRT-00039,Premium Cotton Golf T-Shirt Relaxed Fit Red 039,premium-cotton-golf-t-shirt-relaxed-fit-red-039,Premium Cotton golf t-shirt in red with relaxed fit comfort for everyday rounds.,31.24,40.61,54,https://picsum.photos/seed/gtshirt-00039/1200/1200,active,"golf,tshirt,apparel,golf-shirt"
GTSHIRT-00040,Lightweight Golf T-Shirt Slim Fit Sand 040,lightweight-golf-t-shirt-slim-fit-sand-040,Lightweight golf t-shirt in sand with slim fit comfort for everyday rounds.,32.49,42.24,55,https://picsum.photos/seed/gtshirt-00040/1200/1200,active,"golf,tshirt,apparel,golf-shirt"
GTSHIRT-00041,Performance Golf T-Shirt Classic Fit Black 041,performance-golf-t-shirt-classic-fit-black-041,Performance golf t-shirt in black with classic fit comfort for everyday rounds.,33.74,43.86,56,https://picsum.photos/seed/gtshirt-00041/1200/1200,active,"golf,tshirt,apparel,golf-shirt"
GTSHIRT-00042,Breathable Golf T-Shirt Athletic Fit White 042,breathable-golf-t-shirt-athletic-fit-white-042,Breathable golf t-shirt in white with athletic fit comfort for everyday rounds.,34.99,45.49,57,https://picsum.photos/seed/gtshirt-00042/1200/1200,active,"golf,tshirt,apparel,golf-shirt"
GTSHIRT-00043,Moisture-Wick Golf T-Shirt Relaxed Fit Navy 043,moisture-wick-golf-t-shirt-relaxed-fit-navy-043,Moisture-Wick golf t-shirt in navy with relaxed fit comfort for everyday rounds.,36.24,47.11,58,https://picsum.photos/seed/gtshirt-00043/1200/1200,active,"golf,tshirt,apparel,golf-shirt"
GTSHIRT-00044,Premium Cotton Golf T-Shirt Slim Fit Gray 044,premium-cotton-golf-t-shirt-slim-fit-gray-044,Premium Cotton golf t-shirt in gray with slim fit comfort for everyday rounds.,37.49,48.74,59,https://picsum.photos/seed/gtshirt-00044/1200/1200,active,"golf,tshirt,apparel,golf-shirt"
GTSHIRT-00045,Lightweight Golf T-Shirt Classic Fit Green 045,lightweight-golf-t-shirt-classic-fit-green-045,Lightweight golf t-shirt in green with classic fit comfort for everyday rounds.,19.99,25.99,60,https://picsum.photos/seed/gtshirt-00045/1200/1200,active,"golf,tshirt,apparel,golf-shirt"
GTSHIRT-00046,Performance Golf T-Shirt Athletic Fit Blue 046,performance-golf-t-shirt-athletic-fit-blue-046,Performance golf t-shirt in blue with athletic fit comfort for everyday rounds.,21.24,27.61,61,https://picsum.photos/seed/gtshirt-00046/1200/1200,active,"golf,tshirt,apparel,golf-shirt"
GTSHIRT-00047,Breathable Golf T-Shirt Relaxed Fit Red 047,breathable-golf-t-shirt-relaxed-fit-red-047,Breathable golf t-shirt in red with relaxed fit comfort for everyday rounds.,22.49,29.24,62,https://picsum.photos/seed/gtshirt-00047/1200/1200,active,"golf,tshirt,apparel,golf-shirt"
GTSHIRT-00048,Moisture-Wick Golf T-Shirt Slim Fit Sand 048,moisture-wick-golf-t-shirt-slim-fit-sand-048,Moisture-Wick golf t-shirt in sand with slim fit comfort for everyday rounds.,23.74,30.86,63,https://picsum.photos/seed/gtshirt-00048/1200/1200,active,"golf,tshirt,apparel,golf-shirt"
GTSHIRT-00049,Premium Cotton Golf T-Shirt Classic Fit Black 049,premium-cotton-golf-t-shirt-classic-fit-black-049,Premium Cotton golf t-shirt in black with classic fit comfort for everyday rounds.,24.99,32.49,64,https://picsum.photos/seed/gtshirt-00049/1200/1200,active,"golf,tshirt,apparel,golf-shirt"
GTSHIRT-00050,Lightweight Golf T-Shirt Athletic Fit White 050,lightweight-golf-t-shirt-athletic-fit-white-050,Lightweight golf t-shirt in white with athletic fit comfort for everyday rounds.,26.24,34.11,65,https://picsum.photos/seed/gtshirt-00050/1200/1200,active,"golf,tshirt,apparel,golf-shirt"
GTSHIRT-00051,Performance Golf T-Shirt Relaxed Fit Navy 051,performance-golf-t-shirt-relaxed-fit-navy-051,Performance golf t-shirt in navy with relaxed fit comfort for everyday rounds.,27.49,35.74,66,https://picsum.photos/seed/gtshirt-00051/1200/1200,active,"golf,tshirt,apparel,golf-shirt"
GTSHIRT-00052,Breathable Golf T-Shirt Slim Fit Gray 052,breathable-golf-t-shirt-slim-fit-gray-052,Breathable golf t-shirt in gray with slim fit comfort for everyday rounds.,28.74,37.36,67,https://picsum.photos/seed/gtshirt-00052/1200/1200,active,"golf,tshirt,apparel,golf-shirt"
GTSHIRT-00053,Moisture-Wick Golf T-Shirt Classic Fit Green 053,moisture-wick-golf-t-shirt-classic-fit-green-053,Moisture-Wick golf t-shirt in green with classic fit comfort for everyday rounds.,29.99,38.99,68,https://picsum.photos/seed/gtshirt-00053/1200/1200,active,"golf,tshirt,apparel,golf-shirt"
GTSHIRT-00054,Premium Cotton Golf T-Shirt Athletic Fit Blue 054,premium-cotton-golf-t-shirt-athletic-fit-blue-054,Premium Cotton golf t-shirt in blue with athletic fit comfort for everyday rounds.,31.24,40.61,69,https://picsum.photos/seed/gtshirt-00054/1200/1200,active,"golf,tshirt,apparel,golf-shirt"
GTSHIRT-00055,Lightweight Golf T-Shirt Relaxed Fit Red 055,lightweight-golf-t-shirt-relaxed-fit-red-055,Lightweight golf t-shirt in red with relaxed fit comfort for everyday rounds.,32.49,42.24,70,https://picsum.photos/seed/gtshirt-00055/1200/1200,active,"golf,tshirt,apparel,golf-shirt"
GTSHIRT-00056,Performance Golf T-Shirt Slim Fit Sand 056,performance-golf-t-shirt-slim-fit-sand-056,Performance golf t-shirt in sand with slim fit comfort for everyday rounds.,33.74,43.86,71,https://picsum.photos/seed/gtshirt-00056/1200/1200,active,"golf,tshirt,apparel,golf-shirt"
GTSHIRT-00057,Breathable Golf T-Shirt Classic Fit Black 057,breathable-golf-t-shirt-classic-fit-black-057,Breathable golf t-shirt in black with classic fit comfort for everyday rounds.,34.99,45.49,72,https://picsum.photos/seed/gtshirt-00057/1200/1200,active,"golf,tshirt,apparel,golf-shirt"
GTSHIRT-00058,Moisture-Wick Golf T-Shirt Athletic Fit White 058,moisture-wick-golf-t-shirt-athletic-fit-white-058,Moisture-Wick golf t-shirt in white with athletic fit comfort for everyday rounds.,36.24,47.11,73,https://picsum.photos/seed/gtshirt-00058/1200/1200,active,"golf,tshirt,apparel,golf-shirt"
GTSHIRT-00059,Premium Cotton Golf T-Shirt Relaxed Fit Navy 059,premium-cotton-golf-t-shirt-relaxed-fit-navy-059,Premium Cotton golf t-shirt in navy with relaxed fit comfort for everyday rounds.,37.49,48.74,74,https://picsum.photos/seed/gtshirt-00059/1200/1200,active,"golf,tshirt,apparel,golf-shirt"
GTSHIRT-00060,Lightweight Golf T-Shirt Slim Fit Gray 060,lightweight-golf-t-shirt-slim-fit-gray-060,Lightweight golf t-shirt in gray with slim fit comfort for everyday rounds.,19.99,25.99,75,https://picsum.photos/seed/gtshirt-00060/1200/1200,active,"golf,tshirt,apparel,golf-shirt"
GTSHIRT-00061,Performance Golf T-Shirt Classic Fit Green 061,performance-golf-t-shirt-classic-fit-green-061,Performance golf t-shirt in green with classic fit comfort for everyday rounds.,21.24,27.61,76,https://picsum.photos/seed/gtshirt-00061/1200/1200,active,"golf,tshirt,apparel,golf-shirt"
GTSHIRT-00062,Breathable Golf T-Shirt Athletic Fit Blue 062,breathable-golf-t-shirt-athletic-fit-blue-062,Breathable golf t-shirt in blue with athletic fit comfort for everyday rounds.,22.49,29.24,77,https://picsum.photos/seed/gtshirt-00062/1200/1200,active,"golf,tshirt,apparel,golf-shirt"
GTSHIRT-00063,Moisture-Wick Golf T-Shirt Relaxed Fit Red 063,moisture-wick-golf-t-shirt-relaxed-fit-red-063,Moisture-Wick golf t-shirt in red with relaxed fit comfort for everyday rounds.,23.74,30.86,78,https://picsum.photos/seed/gtshirt-00063/1200/1200,active,"golf,tshirt,apparel,golf-shirt"
GTSHIRT-00064,Premium Cotton Golf T-Shirt Slim Fit Sand 064,premium-cotton-golf-t-shirt-slim-fit-sand-064,Premium Cotton golf t-shirt in sand with slim fit comfort for everyday rounds.,24.99,32.49,79,https://picsum.photos/seed/gtshirt-00064/1200/1200,active,"golf,tshirt,apparel,golf-shirt"
GTSHIRT-00065,Lightweight Golf T-Shirt Classic Fit Black 065,lightweight-golf-t-shirt-classic-fit-black-065,Lightweight golf t-shirt in black with classic fit comfort for everyday rounds.,26.24,34.11,80,https://picsum.photos/seed/gtshirt-00065/1200/1200,active,"golf,tshirt,apparel,golf-shirt"
GTSHIRT-00066,Performance Golf T-Shirt Athletic Fit White 066,performance-golf-t-shirt-athletic-fit-white-066,Performance golf t-shirt in white with athletic fit comfort for everyday rounds.,27.49,35.74,81,https://picsum.photos/seed/gtshirt-00066/1200/1200,active,"golf,tshirt,apparel,golf-shirt"
GTSHIRT-00067,Breathable Golf T-Shirt Relaxed Fit Navy 067,breathable-golf-t-shirt-relaxed-fit-navy-067,Breathable golf t-shirt in navy with relaxed fit comfort for everyday rounds.,28.74,37.36,82,https://picsum.photos/seed/gtshirt-00067/1200/1200,active,"golf,tshirt,apparel,golf-shirt"
GTSHIRT-00068,Moisture-Wick Golf T-Shirt Slim Fit Gray 068,moisture-wick-golf-t-shirt-slim-fit-gray-068,Moisture-Wick golf t-shirt in gray with slim fit comfort for everyday rounds.,29.99,38.99,83,https://picsum.photos/seed/gtshirt-00068/1200/1200,active,"golf,tshirt,apparel,golf-shirt"
GTSHIRT-00069,Premium Cotton Golf T-Shirt Classic Fit Green 069,premium-cotton-golf-t-shirt-classic-fit-green-069,Premium Cotton golf t-shirt in green with classic fit comfort for everyday rounds.,31.24,40.61,84,https://picsum.photos/seed/gtshirt-00069/1200/1200,active,"golf,tshirt,apparel,golf-shirt"
GTSHIRT-00070,Lightweight Golf T-Shirt Athletic Fit Blue 070,lightweight-golf-t-shirt-athletic-fit-blue-070,Lightweight golf t-shirt in blue with athletic fit comfort for everyday rounds.,32.49,42.24,85,https://picsum.photos/seed/gtshirt-00070/1200/1200,active,"golf,tshirt,apparel,golf-shirt"
GTSHIRT-00071,Performance Golf T-Shirt Relaxed Fit Red 071,performance-golf-t-shirt-relaxed-fit-red-071,Performance golf t-shirt in red with relaxed fit comfort for everyday rounds.,33.74,43.86,86,https://picsum.photos/seed/gtshirt-00071/1200/1200,active,"golf,tshirt,apparel,golf-shirt"
GTSHIRT-00072,Breathable Golf T-Shirt Slim Fit Sand 072,breathable-golf-t-shirt-slim-fit-sand-072,Breathable golf t-shirt in sand with slim fit comfort for everyday rounds.,34.99,45.49,87,https://picsum.photos/seed/gtshirt-00072/1200/1200,active,"golf,tshirt,apparel,golf-shirt"
GTSHIRT-00073,Moisture-Wick Golf T-Shirt Classic Fit Black 073,moisture-wick-golf-t-shirt-classic-fit-black-073,Moisture-Wick golf t-shirt in black with classic fit comfort for everyday rounds.,36.24,47.11,88,https://picsum.photos/seed/gtshirt-00073/1200/1200,active,"golf,tshirt,apparel,golf-shirt"
GTSHIRT-00074,Premium Cotton Golf T-Shirt Athletic Fit White 074,premium-cotton-golf-t-shirt-athletic-fit-white-074,Premium Cotton golf t-shirt in white with athletic fit comfort for everyday rounds.,37.49,48.74,89,https://picsum.photos/seed/gtshirt-00074/1200/1200,active,"golf,tshirt,apparel,golf-shirt"
GTSHIRT-00075,Lightweight Golf T-Shirt Relaxed Fit Navy 075,lightweight-golf-t-shirt-relaxed-fit-navy-075,Lightweight golf t-shirt in navy with relaxed fit comfort for everyday rounds.,19.99,25.99,90,https://picsum.photos/seed/gtshirt-00075/1200/1200,active,"golf,tshirt,apparel,golf-shirt"
GTSHIRT-00076,Performance Golf T-Shirt Slim Fit Gray 076,performance-golf-t-shirt-slim-fit-gray-076,Performance golf t-shirt in gray with slim fit comfort for everyday rounds.,21.24,27.61,91,https://picsum.photos/seed/gtshirt-00076/1200/1200,active,"golf,tshirt,apparel,golf-shirt"
GTSHIRT-00077,Breathable Golf T-Shirt Classic Fit Green 077,breathable-golf-t-shirt-classic-fit-green-077,Breathable golf t-shirt in green with classic fit comfort for everyday rounds.,22.49,29.24,92,https://picsum.photos/seed/gtshirt-00077/1200/1200,active,"golf,tshirt,apparel,golf-shirt"
GTSHIRT-00078,Moisture-Wick Golf T-Shirt Athletic Fit Blue 078,moisture-wick-golf-t-shirt-athletic-fit-blue-078,Moisture-Wick golf t-shirt in blue with athletic fit comfort for everyday rounds.,23.74,30.86,93,https://picsum.photos/seed/gtshirt-00078/1200/1200,active,"golf,tshirt,apparel,golf-shirt"
GTSHIRT-00079,Premium Cotton Golf T-Shirt Relaxed Fit Red 079,premium-cotton-golf-t-shirt-relaxed-fit-red-079,Premium Cotton golf t-shirt in red with relaxed fit comfort for everyday rounds.,24.99,32.49,94,https://picsum.photos/seed/gtshirt-00079/1200/1200,active,"golf,tshirt,apparel,golf-shirt"
GTSHIRT-00080,Lightweight Golf T-Shirt Slim Fit Sand 080,lightweight-golf-t-shirt-slim-fit-sand-080,Lightweight golf t-shirt in sand with slim fit comfort for everyday rounds.,26.24,34.11,15,https://picsum.photos/seed/gtshirt-00080/1200/1200,active,"golf,tshirt,apparel,golf-shirt"
GTSHIRT-00081,Performance Golf T-Shirt Classic Fit Black 081,performance-golf-t-shirt-classic-fit-black-081,Performance golf t-shirt in black with classic fit comfort for everyday rounds.,27.49,35.74,16,https://picsum.photos/seed/gtshirt-00081/1200/1200,active,"golf,tshirt,apparel,golf-shirt"
GTSHIRT-00082,Breathable Golf T-Shirt Athletic Fit White 082,breathable-golf-t-shirt-athletic-fit-white-082,Breathable golf t-shirt in white with athletic fit comfort for everyday rounds.,28.74,37.36,17,https://picsum.photos/seed/gtshirt-00082/1200/1200,active,"golf,tshirt,apparel,golf-shirt"
GTSHIRT-00083,Moisture-Wick Golf T-Shirt Relaxed Fit Navy 083,moisture-wick-golf-t-shirt-relaxed-fit-navy-083,Moisture-Wick golf t-shirt in navy with relaxed fit comfort for everyday rounds.,29.99,38.99,18,https://picsum.photos/seed/gtshirt-00083/1200/1200,active,"golf,tshirt,apparel,golf-shirt"
GTSHIRT-00084,Premium Cotton Golf T-Shirt Slim Fit Gray 084,premium-cotton-golf-t-shirt-slim-fit-gray-084,Premium Cotton golf t-shirt in gray with slim fit comfort for everyday rounds.,31.24,40.61,19,https://picsum.photos/seed/gtshirt-00084/1200/1200,active,"golf,tshirt,apparel,golf-shirt"
GTSHIRT-00085,Lightweight Golf T-Shirt Classic Fit Green 085,lightweight-golf-t-shirt-classic-fit-green-085,Lightweight golf t-shirt in green with classic fit comfort for everyday rounds.,32.49,42.24,20,https://picsum.photos/seed/gtshirt-00085/1200/1200,active,"golf,tshirt,apparel,golf-shirt"
GTSHIRT-00086,Performance Golf T-Shirt Athletic Fit Blue 086,performance-golf-t-shirt-athletic-fit-blue-086,Performance golf t-shirt in blue with athletic fit comfort for everyday rounds.,33.74,43.86,21,https://picsum.photos/seed/gtshirt-00086/1200/1200,active,"golf,tshirt,apparel,golf-shirt"
GTSHIRT-00087,Breathable Golf T-Shirt Relaxed Fit Red 087,breathable-golf-t-shirt-relaxed-fit-red-087,Breathable golf t-shirt in red with relaxed fit comfort for everyday rounds.,34.99,45.49,22,https://picsum.photos/seed/gtshirt-00087/1200/1200,active,"golf,tshirt,apparel,golf-shirt"
GTSHIRT-00088,Moisture-Wick Golf T-Shirt Slim Fit Sand 088,moisture-wick-golf-t-shirt-slim-fit-sand-088,Moisture-Wick golf t-shirt in sand with slim fit comfort for everyday rounds.,36.24,47.11,23,https://picsum.photos/seed/gtshirt-00088/1200/1200,active,"golf,tshirt,apparel,golf-shirt"
GTSHIRT-00089,Premium Cotton Golf T-Shirt Classic Fit Black 089,premium-cotton-golf-t-shirt-classic-fit-black-089,Premium Cotton golf t-shirt in black with classic fit comfort for everyday rounds.,37.49,48.74,24,https://picsum.photos/seed/gtshirt-00089/1200/1200,active,"golf,tshirt,apparel,golf-shirt"
GTSHIRT-00090,Lightweight Golf T-Shirt Athletic Fit White 090,lightweight-golf-t-shirt-athletic-fit-white-090,Lightweight golf t-shirt in white with athletic fit comfort for everyday rounds.,19.99,25.99,25,https://picsum.photos/seed/gtshirt-00090/1200/1200,active,"golf,tshirt,apparel,golf-shirt"
GTSHIRT-00091,Performance Golf T-Shirt Relaxed Fit Navy 091,performance-golf-t-shirt-relaxed-fit-navy-091,Performance golf t-shirt in navy with relaxed fit comfort for everyday rounds.,21.24,27.61,26,https://picsum.photos/seed/gtshirt-00091/1200/1200,active,"golf,tshirt,apparel,golf-shirt"
GTSHIRT-00092,Breathable Golf T-Shirt Slim Fit Gray 092,breathable-golf-t-shirt-slim-fit-gray-092,Breathable golf t-shirt in gray with slim fit comfort for everyday rounds.,22.49,29.24,27,https://picsum.photos/seed/gtshirt-00092/1200/1200,active,"golf,tshirt,apparel,golf-shirt"
GTSHIRT-00093,Moisture-Wick Golf T-Shirt Classic Fit Green 093,moisture-wick-golf-t-shirt-classic-fit-green-093,Moisture-Wick golf t-shirt in green with classic fit comfort for everyday rounds.,23.74,30.86,28,https://picsum.photos/seed/gtshirt-00093/1200/1200,active,"golf,tshirt,apparel,golf-shirt"
GTSHIRT-00094,Premium Cotton Golf T-Shirt Athletic Fit Blue 094,premium-cotton-golf-t-shirt-athletic-fit-blue-094,Premium Cotton golf t-shirt in blue with athletic fit comfort for everyday rounds.,24.99,32.49,29,https://picsum.photos/seed/gtshirt-00094/1200/1200,active,"golf,tshirt,apparel,golf-shirt"
GTSHIRT-00095,Lightweight Golf T-Shirt Relaxed Fit Red 095,lightweight-golf-t-shirt-relaxed-fit-red-095,Lightweight golf t-shirt in red with relaxed fit comfort for everyday rounds.,26.24,34.11,30,https://picsum.photos/seed/gtshirt-00095/1200/1200,active,"golf,tshirt,apparel,golf-shirt"
GTSHIRT-00096,Performance Golf T-Shirt Slim Fit Sand 096,performance-golf-t-shirt-slim-fit-sand-096,Performance golf t-shirt in sand with slim fit comfort for everyday rounds.,27.49,35.74,31,https://picsum.photos/seed/gtshirt-00096/1200/1200,active,"golf,tshirt,apparel,golf-shirt"
GTSHIRT-00097,Breathable Golf T-Shirt Classic Fit Black 097,breathable-golf-t-shirt-classic-fit-black-097,Breathable golf t-shirt in black with classic fit comfort for everyday rounds.,28.74,37.36,32,https://picsum.photos/seed/gtshirt-00097/1200/1200,active,"golf,tshirt,apparel,golf-shirt"
GTSHIRT-00098,Moisture-Wick Golf T-Shirt Athletic Fit White 098,moisture-wick-golf-t-shirt-athletic-fit-white-098,Moisture-Wick golf t-shirt in white with athletic fit comfort for everyday rounds.,29.99,38.99,33,https://picsum.photos/seed/gtshirt-00098/1200/1200,active,"golf,tshirt,apparel,golf-shirt"
GTSHIRT-00099,Premium Cotton Golf T-Shirt Relaxed Fit Navy 099,premium-cotton-golf-t-shirt-relaxed-fit-navy-099,Premium Cotton golf t-shirt in navy with relaxed fit comfort for everyday rounds.,31.24,40.61,34,https://picsum.photos/seed/gtshirt-00099/1200/1200,active,"golf,tshirt,apparel,golf-shirt"
GTSHIRT-00100,Lightweight Golf T-Shirt Slim Fit Gray 100,lightweight-golf-t-shirt-slim-fit-gray-100,Lightweight golf t-shirt in gray with slim fit comfort for everyday rounds.,32.49,42.24,35,https://picsum.photos/seed/gtshirt-00100/1200/1200,active,"golf,tshirt,apparel,golf-shirt"
GTSHIRT-00101,Performance Golf T-Shirt Classic Fit Green 101,performance-golf-t-shirt-classic-fit-green-101,Performance golf t-shirt in green with classic fit comfort for everyday rounds.,33.74,43.86,36,https://picsum.photos/seed/gtshirt-00101/1200/1200,active,"golf,tshirt,apparel,golf-shirt"
GTSHIRT-00102,Breathable Golf T-Shirt Athletic Fit Blue 102,breathable-golf-t-shirt-athletic-fit-blue-102,Breathable golf t-shirt in blue with athletic fit comfort for everyday rounds.,34.99,45.49,37,https://picsum.photos/seed/gtshirt-00102/1200/1200,active,"golf,tshirt,apparel,golf-shirt"
GTSHIRT-00103,Moisture-Wick Golf T-Shirt Relaxed Fit Red 103,moisture-wick-golf-t-shirt-relaxed-fit-red-103,Moisture-Wick golf t-shirt in red with relaxed fit comfort for everyday rounds.,36.24,47.11,38,https://picsum.photos/seed/gtshirt-00103/1200/1200,active,"golf,tshirt,apparel,golf-shirt"
GTSHIRT-00104,Premium Cotton Golf T-Shirt Slim Fit Sand 104,premium-cotton-golf-t-shirt-slim-fit-sand-104,Premium Cotton golf t-shirt in sand with slim fit comfort for everyday rounds.,37.49,48.74,39,https://picsum.photos/seed/gtshirt-00104/1200/1200,active,"golf,tshirt,apparel,golf-shirt"
GTSHIRT-00105,Lightweight Golf T-Shirt Classic Fit Black 105,lightweight-golf-t-shirt-classic-fit-black-105,Lightweight golf t-shirt in black with classic fit comfort for everyday rounds.,19.99,25.99,40,https://picsum.photos/seed/gtshirt-00105/1200/1200,active,"golf,tshirt,apparel,golf-shirt"
GTSHIRT-00106,Performance Golf T-Shirt Athletic Fit White 106,performance-golf-t-shirt-athletic-fit-white-106,Performance golf t-shirt in white with athletic fit comfort for everyday rounds.,21.24,27.61,41,https://picsum.photos/seed/gtshirt-00106/1200/1200,active,"golf,tshirt,apparel,golf-shirt"
GTSHIRT-00107,Breathable Golf T-Shirt Relaxed Fit Navy 107,breathable-golf-t-shirt-relaxed-fit-navy-107,Breathable golf t-shirt in navy with relaxed fit comfort for everyday rounds.,22.49,29.24,42,https://picsum.photos/seed/gtshirt-00107/1200/1200,active,"golf,tshirt,apparel,golf-shirt"
GTSHIRT-00108,Moisture-Wick Golf T-Shirt Slim Fit Gray 108,moisture-wick-golf-t-shirt-slim-fit-gray-108,Moisture-Wick golf t-shirt in gray with slim fit comfort for everyday rounds.,23.74,30.86,43,https://picsum.photos/seed/gtshirt-00108/1200/1200,active,"golf,tshirt,apparel,golf-shirt"
GTSHIRT-00109,Premium Cotton Golf T-Shirt Classic Fit Green 109,premium-cotton-golf-t-shirt-classic-fit-green-109,Premium Cotton golf t-shirt in green with classic fit comfort for everyday rounds.,24.99,32.49,44,https://picsum.photos/seed/gtshirt-00109/1200/1200,active,"golf,tshirt,apparel,golf-shirt"
GTSHIRT-00110,Lightweight Golf T-Shirt Athletic Fit Blue 110,lightweight-golf-t-shirt-athletic-fit-blue-110,Lightweight golf t-shirt in blue with athletic fit comfort for everyday rounds.,26.24,34.11,45,https://picsum.photos/seed/gtshirt-00110/1200/1200,active,"golf,tshirt,apparel,golf-shirt"
GTSHIRT-00111,Performance Golf T-Shirt Relaxed Fit Red 111,performance-golf-t-shirt-relaxed-fit-red-111,Performance golf t-shirt in red with relaxed fit comfort for everyday rounds.,27.49,35.74,46,https://picsum.photos/seed/gtshirt-00111/1200/1200,active,"golf,tshirt,apparel,golf-shirt"
GTSHIRT-00112,Breathable Golf T-Shirt Slim Fit Sand 112,breathable-golf-t-shirt-slim-fit-sand-112,Breathable golf t-shirt in sand with slim fit comfort for everyday rounds.,28.74,37.36,47,https://picsum.photos/seed/gtshirt-00112/1200/1200,active,"golf,tshirt,apparel,golf-shirt"
GTSHIRT-00113,Moisture-Wick Golf T-Shirt Classic Fit Black 113,moisture-wick-golf-t-shirt-classic-fit-black-113,Moisture-Wick golf t-shirt in black with classic fit comfort for everyday rounds.,29.99,38.99,48,https://picsum.photos/seed/gtshirt-00113/1200/1200,active,"golf,tshirt,apparel,golf-shirt"
GTSHIRT-00114,Premium Cotton Golf T-Shirt Athletic Fit White 114,premium-cotton-golf-t-shirt-athletic-fit-white-114,Premium Cotton golf t-shirt in white with athletic fit comfort for everyday rounds.,31.24,40.61,49,https://picsum.photos/seed/gtshirt-00114/1200/1200,active,"golf,tshirt,apparel,golf-shirt"
GTSHIRT-00115,Lightweight Golf T-Shirt Relaxed Fit Navy 115,lightweight-golf-t-shirt-relaxed-fit-navy-115,Lightweight golf t-shirt in navy with relaxed fit comfort for everyday rounds.,32.49,42.24,50,https://picsum.photos/seed/gtshirt-00115/1200/1200,active,"golf,tshirt,apparel,golf-shirt"
GTSHIRT-00116,Performance Golf T-Shirt Slim Fit Gray 116,performance-golf-t-shirt-slim-fit-gray-116,Performance golf t-shirt in gray with slim fit comfort for everyday rounds.,33.74,43.86,51,https://picsum.photos/seed/gtshirt-00116/1200/1200,active,"golf,tshirt,apparel,golf-shirt"
GTSHIRT-00117,Breathable Golf T-Shirt Classic Fit Green 117,breathable-golf-t-shirt-classic-fit-green-117,Breathable golf t-shirt in green with classic fit comfort for everyday rounds.,34.99,45.49,52,https://picsum.photos/seed/gtshirt-00117/1200/1200,active,"golf,tshirt,apparel,golf-shirt"
GTSHIRT-00118,Moisture-Wick Golf T-Shirt Athletic Fit Blue 118,moisture-wick-golf-t-shirt-athletic-fit-blue-118,Moisture-Wick golf t-shirt in blue with athletic fit comfort for everyday rounds.,36.24,47.11,53,https://picsum.photos/seed/gtshirt-00118/1200/1200,active,"golf,tshirt,apparel,golf-shirt"
GTSHIRT-00119,Premium Cotton Golf T-Shirt Relaxed Fit Red 119,premium-cotton-golf-t-shirt-relaxed-fit-red-119,Premium Cotton golf t-shirt in red with relaxed fit comfort for everyday rounds.,37.49,48.74,54,https://picsum.photos/seed/gtshirt-00119/1200/1200,active,"golf,tshirt,apparel,golf-shirt"
GTSHIRT-00120,Lightweight Golf T-Shirt Slim Fit Sand 120,lightweight-golf-t-shirt-slim-fit-sand-120,Lightweight golf t-shirt in sand with slim fit comfort for everyday rounds.,19.99,25.99,55,https://picsum.photos/seed/gtshirt-00120/1200/1200,active,"golf,tshirt,apparel,golf-shirt"
GTEE-00001,Bamboo Golf Tees Pack of 25 001,bamboo-golf-tees-pack-of-25-001,"Bamboo golf tees, pack of 25, designed for durability and consistent height.",7.89,10.65,31,https://picsum.photos/seed/gtee-00001/1200/1200,active,"golf,tees,accessories,golf-tee"
GTEE-00002,Plastic Golf Tees Pack of 50 002,plastic-golf-tees-pack-of-50-002,"Plastic golf tees, pack of 50, designed for durability and consistent height.",8.79,11.87,32,https://picsum.photos/seed/gtee-00002/1200/1200,active,"golf,tees,accessories,golf-tee"
GTEE-00003,Wooden Golf Tees Pack of 75 003,wooden-golf-tees-pack-of-75-003,"Wooden golf tees, pack of 75, designed for durability and consistent height.",9.69,13.08,33,https://picsum.photos/seed/gtee-00003/1200/1200,active,"golf,tees,accessories,golf-tee"
GTEE-00004,Biodegradable Golf Tees Pack of 100 004,biodegradable-golf-tees-pack-of-100-004,"Biodegradable golf tees, pack of 100, designed for durability and consistent height.",10.59,14.30,34,https://picsum.photos/seed/gtee-00004/1200/1200,active,"golf,tees,accessories,golf-tee"
GTEE-00005,Performance Golf Tees Pack of 25 005,performance-golf-tees-pack-of-25-005,"Performance golf tees, pack of 25, designed for durability and consistent height.",11.49,15.51,35,https://picsum.photos/seed/gtee-00005/1200/1200,active,"golf,tees,accessories,golf-tee"
GTEE-00006,Bamboo Golf Tees Pack of 50 006,bamboo-golf-tees-pack-of-50-006,"Bamboo golf tees, pack of 50, designed for durability and consistent height.",12.39,16.73,36,https://picsum.photos/seed/gtee-00006/1200/1200,active,"golf,tees,accessories,golf-tee"
GTEE-00007,Plastic Golf Tees Pack of 75 007,plastic-golf-tees-pack-of-75-007,"Plastic golf tees, pack of 75, designed for durability and consistent height.",13.29,17.94,37,https://picsum.photos/seed/gtee-00007/1200/1200,active,"golf,tees,accessories,golf-tee"
GTEE-00008,Wooden Golf Tees Pack of 100 008,wooden-golf-tees-pack-of-100-008,"Wooden golf tees, pack of 100, designed for durability and consistent height.",14.19,19.16,38,https://picsum.photos/seed/gtee-00008/1200/1200,active,"golf,tees,accessories,golf-tee"
GTEE-00009,Biodegradable Golf Tees Pack of 25 009,biodegradable-golf-tees-pack-of-25-009,"Biodegradable golf tees, pack of 25, designed for durability and consistent height.",15.09,20.37,39,https://picsum.photos/seed/gtee-00009/1200/1200,active,"golf,tees,accessories,golf-tee"
GTEE-00010,Performance Golf Tees Pack of 50 010,performance-golf-tees-pack-of-50-010,"Performance golf tees, pack of 50, designed for durability and consistent height.",6.99,9.44,40,https://picsum.photos/seed/gtee-00010/1200/1200,active,"golf,tees,accessories,golf-tee"
GTEE-00011,Bamboo Golf Tees Pack of 75 011,bamboo-golf-tees-pack-of-75-011,"Bamboo golf tees, pack of 75, designed for durability and consistent height.",7.89,10.65,41,https://picsum.photos/seed/gtee-00011/1200/1200,active,"golf,tees,accessories,golf-tee"
GTEE-00012,Plastic Golf Tees Pack of 100 012,plastic-golf-tees-pack-of-100-012,"Plastic golf tees, pack of 100, designed for durability and consistent height.",8.79,11.87,42,https://picsum.photos/seed/gtee-00012/1200/1200,active,"golf,tees,accessories,golf-tee"
GTEE-00013,Wooden Golf Tees Pack of 25 013,wooden-golf-tees-pack-of-25-013,"Wooden golf tees, pack of 25, designed for durability and consistent height.",9.69,13.08,43,https://picsum.photos/seed/gtee-00013/1200/1200,active,"golf,tees,accessories,golf-tee"
GTEE-00014,Biodegradable Golf Tees Pack of 50 014,biodegradable-golf-tees-pack-of-50-014,"Biodegradable golf tees, pack of 50, designed for durability and consistent height.",10.59,14.30,44,https://picsum.photos/seed/gtee-00014/1200/1200,active,"golf,tees,accessories,golf-tee"
GTEE-00015,Performance Golf Tees Pack of 75 015,performance-golf-tees-pack-of-75-015,"Performance golf tees, pack of 75, designed for durability and consistent height.",11.49,15.51,45,https://picsum.photos/seed/gtee-00015/1200/1200,active,"golf,tees,accessories,golf-tee"
GTEE-00016,Bamboo Golf Tees Pack of 100 016,bamboo-golf-tees-pack-of-100-016,"Bamboo golf tees, pack of 100, designed for durability and consistent height.",12.39,16.73,46,https://picsum.photos/seed/gtee-00016/1200/1200,active,"golf,tees,accessories,golf-tee"
GTEE-00017,Plastic Golf Tees Pack of 25 017,plastic-golf-tees-pack-of-25-017,"Plastic golf tees, pack of 25, designed for durability and consistent height.",13.29,17.94,47,https://picsum.photos/seed/gtee-00017/1200/1200,active,"golf,tees,accessories,golf-tee"
GTEE-00018,Wooden Golf Tees Pack of 50 018,wooden-golf-tees-pack-of-50-018,"Wooden golf tees, pack of 50, designed for durability and consistent height.",14.19,19.16,48,https://picsum.photos/seed/gtee-00018/1200/1200,active,"golf,tees,accessories,golf-tee"
GTEE-00019,Biodegradable Golf Tees Pack of 75 019,biodegradable-golf-tees-pack-of-75-019,"Biodegradable golf tees, pack of 75, designed for durability and consistent height.",15.09,20.37,49,https://picsum.photos/seed/gtee-00019/1200/1200,active,"golf,tees,accessories,golf-tee"
GTEE-00020,Performance Golf Tees Pack of 100 020,performance-golf-tees-pack-of-100-020,"Performance golf tees, pack of 100, designed for durability and consistent height.",6.99,9.44,50,https://picsum.photos/seed/gtee-00020/1200/1200,active,"golf,tees,accessories,golf-tee"
GTEE-00021,Bamboo Golf Tees Pack of 25 021,bamboo-golf-tees-pack-of-25-021,"Bamboo golf tees, pack of 25, designed for durability and consistent height.",7.89,10.65,51,https://picsum.photos/seed/gtee-00021/1200/1200,active,"golf,tees,accessories,golf-tee"
GTEE-00022,Plastic Golf Tees Pack of 50 022,plastic-golf-tees-pack-of-50-022,"Plastic golf tees, pack of 50, designed for durability and consistent height.",8.79,11.87,52,https://picsum.photos/seed/gtee-00022/1200/1200,active,"golf,tees,accessories,golf-tee"
GTEE-00023,Wooden Golf Tees Pack of 75 023,wooden-golf-tees-pack-of-75-023,"Wooden golf tees, pack of 75, designed for durability and consistent height.",9.69,13.08,53,https://picsum.photos/seed/gtee-00023/1200/1200,active,"golf,tees,accessories,golf-tee"
GTEE-00024,Biodegradable Golf Tees Pack of 100 024,biodegradable-golf-tees-pack-of-100-024,"Biodegradable golf tees, pack of 100, designed for durability and consistent height.",10.59,14.30,54,https://picsum.photos/seed/gtee-00024/1200/1200,active,"golf,tees,accessories,golf-tee"
GTEE-00025,Performance Golf Tees Pack of 25 025,performance-golf-tees-pack-of-25-025,"Performance golf tees, pack of 25, designed for durability and consistent height.",11.49,15.51,55,https://picsum.photos/seed/gtee-00025/1200/1200,active,"golf,tees,accessories,golf-tee"
GTEE-00026,Bamboo Golf Tees Pack of 50 026,bamboo-golf-tees-pack-of-50-026,"Bamboo golf tees, pack of 50, designed for durability and consistent height.",12.39,16.73,56,https://picsum.photos/seed/gtee-00026/1200/1200,active,"golf,tees,accessories,golf-tee"
GTEE-00027,Plastic Golf Tees Pack of 75 027,plastic-golf-tees-pack-of-75-027,"Plastic golf tees, pack of 75, designed for durability and consistent height.",13.29,17.94,57,https://picsum.photos/seed/gtee-00027/1200/1200,active,"golf,tees,accessories,golf-tee"
GTEE-00028,Wooden Golf Tees Pack of 100 028,wooden-golf-tees-pack-of-100-028,"Wooden golf tees, pack of 100, designed for durability and consistent height.",14.19,19.16,58,https://picsum.photos/seed/gtee-00028/1200/1200,active,"golf,tees,accessories,golf-tee"
GTEE-00029,Biodegradable Golf Tees Pack of 25 029,biodegradable-golf-tees-pack-of-25-029,"Biodegradable golf tees, pack of 25, designed for durability and consistent height.",15.09,20.37,59,https://picsum.photos/seed/gtee-00029/1200/1200,active,"golf,tees,accessories,golf-tee"
GTEE-00030,Performance Golf Tees Pack of 50 030,performance-golf-tees-pack-of-50-030,"Performance golf tees, pack of 50, designed for durability and consistent height.",6.99,9.44,60,https://picsum.photos/seed/gtee-00030/1200/1200,active,"golf,tees,accessories,golf-tee"
GTEE-00031,Bamboo Golf Tees Pack of 75 031,bamboo-golf-tees-pack-of-75-031,"Bamboo golf tees, pack of 75, designed for durability and consistent height.",7.89,10.65,61,https://picsum.photos/seed/gtee-00031/1200/1200,active,"golf,tees,accessories,golf-tee"
GTEE-00032,Plastic Golf Tees Pack of 100 032,plastic-golf-tees-pack-of-100-032,"Plastic golf tees, pack of 100, designed for durability and consistent height.",8.79,11.87,62,https://picsum.photos/seed/gtee-00032/1200/1200,active,"golf,tees,accessories,golf-tee"
GTEE-00033,Wooden Golf Tees Pack of 25 033,wooden-golf-tees-pack-of-25-033,"Wooden golf tees, pack of 25, designed for durability and consistent height.",9.69,13.08,63,https://picsum.photos/seed/gtee-00033/1200/1200,active,"golf,tees,accessories,golf-tee"
GTEE-00034,Biodegradable Golf Tees Pack of 50 034,biodegradable-golf-tees-pack-of-50-034,"Biodegradable golf tees, pack of 50, designed for durability and consistent height.",10.59,14.30,64,https://picsum.photos/seed/gtee-00034/1200/1200,active,"golf,tees,accessories,golf-tee"
GTEE-00035,Performance Golf Tees Pack of 75 035,performance-golf-tees-pack-of-75-035,"Performance golf tees, pack of 75, designed for durability and consistent height.",11.49,15.51,65,https://picsum.photos/seed/gtee-00035/1200/1200,active,"golf,tees,accessories,golf-tee"
GTEE-00036,Bamboo Golf Tees Pack of 100 036,bamboo-golf-tees-pack-of-100-036,"Bamboo golf tees, pack of 100, designed for durability and consistent height.",12.39,16.73,66,https://picsum.photos/seed/gtee-00036/1200/1200,active,"golf,tees,accessories,golf-tee"
GTEE-00037,Plastic Golf Tees Pack of 25 037,plastic-golf-tees-pack-of-25-037,"Plastic golf tees, pack of 25, designed for durability and consistent height.",13.29,17.94,67,https://picsum.photos/seed/gtee-00037/1200/1200,active,"golf,tees,accessories,golf-tee"
GTEE-00038,Wooden Golf Tees Pack of 50 038,wooden-golf-tees-pack-of-50-038,"Wooden golf tees, pack of 50, designed for durability and consistent height.",14.19,19.16,68,https://picsum.photos/seed/gtee-00038/1200/1200,active,"golf,tees,accessories,golf-tee"
GTEE-00039,Biodegradable Golf Tees Pack of 75 039,biodegradable-golf-tees-pack-of-75-039,"Biodegradable golf tees, pack of 75, designed for durability and consistent height.",15.09,20.37,69,https://picsum.photos/seed/gtee-00039/1200/1200,active,"golf,tees,accessories,golf-tee"
GTEE-00040,Performance Golf Tees Pack of 100 040,performance-golf-tees-pack-of-100-040,"Performance golf tees, pack of 100, designed for durability and consistent height.",6.99,9.44,70,https://picsum.photos/seed/gtee-00040/1200/1200,active,"golf,tees,accessories,golf-tee"
GTEE-00041,Bamboo Golf Tees Pack of 25 041,bamboo-golf-tees-pack-of-25-041,"Bamboo golf tees, pack of 25, designed for durability and consistent height.",7.89,10.65,71,https://picsum.photos/seed/gtee-00041/1200/1200,active,"golf,tees,accessories,golf-tee"
GTEE-00042,Plastic Golf Tees Pack of 50 042,plastic-golf-tees-pack-of-50-042,"Plastic golf tees, pack of 50, designed for durability and consistent height.",8.79,11.87,72,https://picsum.photos/seed/gtee-00042/1200/1200,active,"golf,tees,accessories,golf-tee"
GTEE-00043,Wooden Golf Tees Pack of 75 043,wooden-golf-tees-pack-of-75-043,"Wooden golf tees, pack of 75, designed for durability and consistent height.",9.69,13.08,73,https://picsum.photos/seed/gtee-00043/1200/1200,active,"golf,tees,accessories,golf-tee"
GTEE-00044,Biodegradable Golf Tees Pack of 100 044,biodegradable-golf-tees-pack-of-100-044,"Biodegradable golf tees, pack of 100, designed for durability and consistent height.",10.59,14.30,74,https://picsum.photos/seed/gtee-00044/1200/1200,active,"golf,tees,accessories,golf-tee"
GTEE-00045,Performance Golf Tees Pack of 25 045,performance-golf-tees-pack-of-25-045,"Performance golf tees, pack of 25, designed for durability and consistent height.",11.49,15.51,75,https://picsum.photos/seed/gtee-00045/1200/1200,active,"golf,tees,accessories,golf-tee"
GTEE-00046,Bamboo Golf Tees Pack of 50 046,bamboo-golf-tees-pack-of-50-046,"Bamboo golf tees, pack of 50, designed for durability and consistent height.",12.39,16.73,76,https://picsum.photos/seed/gtee-00046/1200/1200,active,"golf,tees,accessories,golf-tee"
GTEE-00047,Plastic Golf Tees Pack of 75 047,plastic-golf-tees-pack-of-75-047,"Plastic golf tees, pack of 75, designed for durability and consistent height.",13.29,17.94,77,https://picsum.photos/seed/gtee-00047/1200/1200,active,"golf,tees,accessories,golf-tee"
GTEE-00048,Wooden Golf Tees Pack of 100 048,wooden-golf-tees-pack-of-100-048,"Wooden golf tees, pack of 100, designed for durability and consistent height.",14.19,19.16,78,https://picsum.photos/seed/gtee-00048/1200/1200,active,"golf,tees,accessories,golf-tee"
GTEE-00049,Biodegradable Golf Tees Pack of 25 049,biodegradable-golf-tees-pack-of-25-049,"Biodegradable golf tees, pack of 25, designed for durability and consistent height.",15.09,20.37,79,https://picsum.photos/seed/gtee-00049/1200/1200,active,"golf,tees,accessories,golf-tee"
GTEE-00050,Performance Golf Tees Pack of 50 050,performance-golf-tees-pack-of-50-050,"Performance golf tees, pack of 50, designed for durability and consistent height.",6.99,9.44,80,https://picsum.photos/seed/gtee-00050/1200/1200,active,"golf,tees,accessories,golf-tee"
GTEE-00051,Bamboo Golf Tees Pack of 75 051,bamboo-golf-tees-pack-of-75-051,"Bamboo golf tees, pack of 75, designed for durability and consistent height.",7.89,10.65,81,https://picsum.photos/seed/gtee-00051/1200/1200,active,"golf,tees,accessories,golf-tee"
GTEE-00052,Plastic Golf Tees Pack of 100 052,plastic-golf-tees-pack-of-100-052,"Plastic golf tees, pack of 100, designed for durability and consistent height.",8.79,11.87,82,https://picsum.photos/seed/gtee-00052/1200/1200,active,"golf,tees,accessories,golf-tee"
GTEE-00053,Wooden Golf Tees Pack of 25 053,wooden-golf-tees-pack-of-25-053,"Wooden golf tees, pack of 25, designed for durability and consistent height.",9.69,13.08,83,https://picsum.photos/seed/gtee-00053/1200/1200,active,"golf,tees,accessories,golf-tee"
GTEE-00054,Biodegradable Golf Tees Pack of 50 054,biodegradable-golf-tees-pack-of-50-054,"Biodegradable golf tees, pack of 50, designed for durability and consistent height.",10.59,14.30,84,https://picsum.photos/seed/gtee-00054/1200/1200,active,"golf,tees,accessories,golf-tee"
GTEE-00055,Performance Golf Tees Pack of 75 055,performance-golf-tees-pack-of-75-055,"Performance golf tees, pack of 75, designed for durability and consistent height.",11.49,15.51,85,https://picsum.photos/seed/gtee-00055/1200/1200,active,"golf,tees,accessories,golf-tee"
GTEE-00056,Bamboo Golf Tees Pack of 100 056,bamboo-golf-tees-pack-of-100-056,"Bamboo golf tees, pack of 100, designed for durability and consistent height.",12.39,16.73,86,https://picsum.photos/seed/gtee-00056/1200/1200,active,"golf,tees,accessories,golf-tee"
GTEE-00057,Plastic Golf Tees Pack of 25 057,plastic-golf-tees-pack-of-25-057,"Plastic golf tees, pack of 25, designed for durability and consistent height.",13.29,17.94,87,https://picsum.photos/seed/gtee-00057/1200/1200,active,"golf,tees,accessories,golf-tee"
GTEE-00058,Wooden Golf Tees Pack of 50 058,wooden-golf-tees-pack-of-50-058,"Wooden golf tees, pack of 50, designed for durability and consistent height.",14.19,19.16,88,https://picsum.photos/seed/gtee-00058/1200/1200,active,"golf,tees,accessories,golf-tee"
GTEE-00059,Biodegradable Golf Tees Pack of 75 059,biodegradable-golf-tees-pack-of-75-059,"Biodegradable golf tees, pack of 75, designed for durability and consistent height.",15.09,20.37,89,https://picsum.photos/seed/gtee-00059/1200/1200,active,"golf,tees,accessories,golf-tee"
GTEE-00060,Performance Golf Tees Pack of 100 060,performance-golf-tees-pack-of-100-060,"Performance golf tees, pack of 100, designed for durability and consistent height.",6.99,9.44,90,https://picsum.photos/seed/gtee-00060/1200/1200,active,"golf,tees,accessories,golf-tee"
GTEE-00061,Bamboo Golf Tees Pack of 25 061,bamboo-golf-tees-pack-of-25-061,"Bamboo golf tees, pack of 25, designed for durability and consistent height.",7.89,10.65,91,https://picsum.photos/seed/gtee-00061/1200/1200,active,"golf,tees,accessories,golf-tee"
GTEE-00062,Plastic Golf Tees Pack of 50 062,plastic-golf-tees-pack-of-50-062,"Plastic golf tees, pack of 50, designed for durability and consistent height.",8.79,11.87,92,https://picsum.photos/seed/gtee-00062/1200/1200,active,"golf,tees,accessories,golf-tee"
GTEE-00063,Wooden Golf Tees Pack of 75 063,wooden-golf-tees-pack-of-75-063,"Wooden golf tees, pack of 75, designed for durability and consistent height.",9.69,13.08,93,https://picsum.photos/seed/gtee-00063/1200/1200,active,"golf,tees,accessories,golf-tee"
GTEE-00064,Biodegradable Golf Tees Pack of 100 064,biodegradable-golf-tees-pack-of-100-064,"Biodegradable golf tees, pack of 100, designed for durability and consistent height.",10.59,14.30,94,https://picsum.photos/seed/gtee-00064/1200/1200,active,"golf,tees,accessories,golf-tee"
GTEE-00065,Performance Golf Tees Pack of 25 065,performance-golf-tees-pack-of-25-065,"Performance golf tees, pack of 25, designed for durability and consistent height.",11.49,15.51,95,https://picsum.photos/seed/gtee-00065/1200/1200,active,"golf,tees,accessories,golf-tee"
GTEE-00066,Bamboo Golf Tees Pack of 50 066,bamboo-golf-tees-pack-of-50-066,"Bamboo golf tees, pack of 50, designed for durability and consistent height.",12.39,16.73,96,https://picsum.photos/seed/gtee-00066/1200/1200,active,"golf,tees,accessories,golf-tee"
GTEE-00067,Plastic Golf Tees Pack of 75 067,plastic-golf-tees-pack-of-75-067,"Plastic golf tees, pack of 75, designed for durability and consistent height.",13.29,17.94,97,https://picsum.photos/seed/gtee-00067/1200/1200,active,"golf,tees,accessories,golf-tee"
GTEE-00068,Wooden Golf Tees Pack of 100 068,wooden-golf-tees-pack-of-100-068,"Wooden golf tees, pack of 100, designed for durability and consistent height.",14.19,19.16,98,https://picsum.photos/seed/gtee-00068/1200/1200,active,"golf,tees,accessories,golf-tee"
GTEE-00069,Biodegradable Golf Tees Pack of 25 069,biodegradable-golf-tees-pack-of-25-069,"Biodegradable golf tees, pack of 25, designed for durability and consistent height.",15.09,20.37,99,https://picsum.photos/seed/gtee-00069/1200/1200,active,"golf,tees,accessories,golf-tee"
GTEE-00070,Performance Golf Tees Pack of 50 070,performance-golf-tees-pack-of-50-070,"Performance golf tees, pack of 50, designed for durability and consistent height.",6.99,9.44,100,https://picsum.photos/seed/gtee-00070/1200/1200,active,"golf,tees,accessories,golf-tee"
GTEE-00071,Bamboo Golf Tees Pack of 75 071,bamboo-golf-tees-pack-of-75-071,"Bamboo golf tees, pack of 75, designed for durability and consistent height.",7.89,10.65,101,https://picsum.photos/seed/gtee-00071/1200/1200,active,"golf,tees,accessories,golf-tee"
GTEE-00072,Plastic Golf Tees Pack of 100 072,plastic-golf-tees-pack-of-100-072,"Plastic golf tees, pack of 100, designed for durability and consistent height.",8.79,11.87,102,https://picsum.photos/seed/gtee-00072/1200/1200,active,"golf,tees,accessories,golf-tee"
GTEE-00073,Wooden Golf Tees Pack of 25 073,wooden-golf-tees-pack-of-25-073,"Wooden golf tees, pack of 25, designed for durability and consistent height.",9.69,13.08,103,https://picsum.photos/seed/gtee-00073/1200/1200,active,"golf,tees,accessories,golf-tee"
GTEE-00074,Biodegradable Golf Tees Pack of 50 074,biodegradable-golf-tees-pack-of-50-074,"Biodegradable golf tees, pack of 50, designed for durability and consistent height.",10.59,14.30,104,https://picsum.photos/seed/gtee-00074/1200/1200,active,"golf,tees,accessories,golf-tee"
GTEE-00075,Performance Golf Tees Pack of 75 075,performance-golf-tees-pack-of-75-075,"Performance golf tees, pack of 75, designed for durability and consistent height.",11.49,15.51,105,https://picsum.photos/seed/gtee-00075/1200/1200,active,"golf,tees,accessories,golf-tee"
GTEE-00076,Bamboo Golf Tees Pack of 100 076,bamboo-golf-tees-pack-of-100-076,"Bamboo golf tees, pack of 100, designed for durability and consistent height.",12.39,16.73,106,https://picsum.photos/seed/gtee-00076/1200/1200,active,"golf,tees,accessories,golf-tee"
GTEE-00077,Plastic Golf Tees Pack of 25 077,plastic-golf-tees-pack-of-25-077,"Plastic golf tees, pack of 25, designed for durability and consistent height.",13.29,17.94,107,https://picsum.photos/seed/gtee-00077/1200/1200,active,"golf,tees,accessories,golf-tee"
GTEE-00078,Wooden Golf Tees Pack of 50 078,wooden-golf-tees-pack-of-50-078,"Wooden golf tees, pack of 50, designed for durability and consistent height.",14.19,19.16,108,https://picsum.photos/seed/gtee-00078/1200/1200,active,"golf,tees,accessories,golf-tee"
GTEE-00079,Biodegradable Golf Tees Pack of 75 079,biodegradable-golf-tees-pack-of-75-079,"Biodegradable golf tees, pack of 75, designed for durability and consistent height.",15.09,20.37,109,https://picsum.photos/seed/gtee-00079/1200/1200,active,"golf,tees,accessories,golf-tee"
GTEE-00080,Performance Golf Tees Pack of 100 080,performance-golf-tees-pack-of-100-080,"Performance golf tees, pack of 100, designed for durability and consistent height.",6.99,9.44,110,https://picsum.photos/seed/gtee-00080/1200/1200,active,"golf,tees,accessories,golf-tee"
