Item ID,Title,Vendor,Product Type,Price,Inventory quantity,Main image,Additional images,Shipping details,Source URL
SBS-785225,Cordless Magic Clip,Wahl,Barber Supplies / Clippers & Beard Trimmers,159.99,500,https://www.sallybeauty.com/dw/image/v2/BCSM_PRD/on/demandware.static/-/Sites-SBS-SallyBeautySupply/default/dw0f0bfd8a/images/large/SBS-785225-1.jpg?sw=750&sh=750&sfrm=png,https://www.sallybeauty.com/dw/image/v2/BCSM_PRD/on/demandware.static/-/Sites-SBS-SallyBeautySupply/default/dw0f0bfd8a/images/large/SBS-785225-1.png?sw=650&sh=650 | https://www.sallybeauty.com/dw/image/v2/BCSM_PRD/on/demandware.static/-/Sites-SBS-SallyBeautySupply/default/dw36292ee5/images/large/SBS-785225-7.jpg?sw=750&sh=750&sfrm=png | https://www.sallybeauty.com/dw/image/v2/BCSM_PRD/on/demandware.static/-/Sites-SBS-SallyBeautySupply/default/dw36292ee5/images/large/SBS-785225-7.png?sw=650&sh=650 | https://www.sallybeauty.com/dw/image/v2/BCSM_PRD/on/demandware.static/-/Sites-SBS-SallyBeautySupply/default/dw5906a22c/images/large/SBS-785225-4.jpg?sw=750&sh=750&sfrm=png,Requires shipping: Yes; Ship-to-home eligible: Yes; Hazmat restriction: No; carrier-calculated shipping at checkout.,https://www.sallybeauty.com/hair-care/hair-care-accessories-and-styling-products/barber-supplies/clippers-and-beard-trimmers/cordless-magic-clip/SBS-785225.html
SBS-008820,GOLDFX Clipper,BaBylissPRO GOLDFX,Clippers & Beard Trimmers / Hair Clippers,259.99,270,https://www.sallybeauty.com/dw/image/v2/BCSM_PRD/on/demandware.static/-/Sites-SBS-SallyBeautySupply/default/dwae1da903/images/large/SBS-008820-1.jpg?sw=750&sh=750&sfrm=png,https://www.sallybeauty.com/dw/image/v2/BCSM_PRD/on/demandware.static/-/Sites-SBS-SallyBeautySupply/default/dwae1da903/images/large/SBS-008820-1.png?sw=650&sh=650 | https://www.sallybeauty.com/dw/image/v2/BCSM_PRD/on/demandware.static/-/Sites-SBS-SallyBeautySupply/default/dwc1213bc8/images/large/SBS-008820.jpg?sw=750&sh=750&sfrm=png | https://www.sallybeauty.com/dw/image/v2/BCSM_PRD/on/demandware.static/-/Sites-SBS-SallyBeautySupply/default/dwc1213bc8/images/large/SBS-008820.png?sw=650&sh=650,Requires shipping: Yes; Ship-to-home eligible: Yes; Hazmat restriction: No; carrier-calculated shipping at checkout.,https://www.sallybeauty.com/hair-care/hair-care-accessories-and-styling-products/barber-supplies/clippers-and-beard-trimmers/hair-clippers/goldfx-clipper/SBS-008820.html
SBS-345333,Silver Metals Cordless Metal Double Foil Shaver,BaBylissPRO,Barber Supplies / Clippers & Beard Trimmers,169.99,500,https://www.sallybeauty.com/dw/image/v2/BCSM_PRD/on/demandware.static/-/Sites-SBS-SallyBeautySupply/default/dw0063b798/images/large/SBS-345333-4.jpg?sw=750&sh=750&sfrm=png,https://www.sallybeauty.com/dw/image/v2/BCSM_PRD/on/demandware.static/-/Sites-SBS-SallyBeautySupply/default/dw0063b798/images/large/SBS-345333-4.png?sw=650&sh=650 | https://www.sallybeauty.com/dw/image/v2/BCSM_PRD/on/demandware.static/-/Sites-SBS-SallyBeautySupply/default/dw2d3a12fb/images/large/SBS-345333-2.jpg?sw=750&sh=750&sfrm=png | https://www.sallybeauty.com/dw/image/v2/BCSM_PRD/on/demandware.static/-/Sites-SBS-SallyBeautySupply/default/dw2d3a12fb/images/large/SBS-345333-2.png?sw=650&sh=650 | https://www.sallybeauty.com/dw/image/v2/BCSM_PRD/on/demandware.static/-/Sites-SBS-SallyBeautySupply/default/dw319e00fb/images/large/SBS-345333-1.jpg?sw=750&sh=750&sfrm=png,Requires shipping: Yes; Ship-to-home eligible: Yes; Hazmat restriction: No; carrier-calculated shipping at checkout.,https://www.sallybeauty.com/hair-care/hair-care-accessories-and-styling-products/barber-supplies/clippers-and-beard-trimmers/silver-metals-cordless-metal-double-foil-shaver/SBS-345333.html
SBS-395010,T-Outliner T-Blade Trimmer,Andis,Barber Supplies / Clippers & Beard Trimmers,89.99,500,https://www.sallybeauty.com/dw/image/v2/BCSM_PRD/on/demandware.static/-/Sites-SBS-SallyBeautySupply/default/dw024cd2f0/images/large/SBS-395010-3.jpg?sw=750&sh=750&sfrm=png,https://www.sallybeauty.com/dw/image/v2/BCSM_PRD/on/demandware.static/-/Sites-SBS-SallyBeautySupply/default/dw024cd2f0/images/large/SBS-395010-3.png?sw=650&sh=650 | https://www.sallybeauty.com/dw/image/v2/BCSM_PRD/on/demandware.static/-/Sites-SBS-SallyBeautySupply/default/dw344c9168/images/large/SBS-395010-6.jpg?sw=750&sh=750&sfrm=png | https://www.sallybeauty.com/dw/image/v2/BCSM_PRD/on/demandware.static/-/Sites-SBS-SallyBeautySupply/default/dw344c9168/images/large/SBS-395010-6.png?sw=650&sh=650 | https://www.sallybeauty.com/dw/image/v2/BCSM_PRD/on/demandware.static/-/Sites-SBS-SallyBeautySupply/default/dw35797a79/images/large/SBS-395010.jpg?sw=750&sh=750&sfrm=png,Requires shipping: Yes; Ship-to-home eligible: Yes; Hazmat restriction: No; carrier-calculated shipping at checkout.,https://www.sallybeauty.com/hair-care/hair-care-accessories-and-styling-products/barber-supplies/clippers-and-beard-trimmers/t-outliner-t-blade-trimmer/SBS-395010.html
SBS-345331,Silver Metals Cordless Clipper,BaBylissPRO,Hair Styling Tools / Hair Clippers & Trimmers,259.99,83,https://www.sallybeauty.com/dw/image/v2/BCSM_PRD/on/demandware.static/-/Sites-SBS-SallyBeautySupply/default/dw2de699a9/images/large/SBS-345331-1.jpg?sw=750&sh=750&sfrm=png,https://www.sallybeauty.com/dw/image/v2/BCSM_PRD/on/demandware.static/-/Sites-SBS-SallyBeautySupply/default/dw2de699a9/images/large/SBS-345331-1.png?sw=650&sh=650 | https://www.sallybeauty.com/dw/image/v2/BCSM_PRD/on/demandware.static/-/Sites-SBS-SallyBeautySupply/default/dwfaca9840/images/large/SBS-345331.jpg?sw=750&sh=750&sfrm=png | https://www.sallybeauty.com/dw/image/v2/BCSM_PRD/on/demandware.static/-/Sites-SBS-SallyBeautySupply/default/dwfaca9840/images/large/SBS-345331.png?sw=650&sh=650,Requires shipping: Yes; Ship-to-home eligible: Yes; Hazmat restriction: No; carrier-calculated shipping at checkout.,https://www.sallybeauty.com/hair-care/hair-styling-tools/hair-clippers-and-trimmers/silver-metals-cordless-clipper/SBS-345331.html
SBS-500264,Soft Auburn Permanent Creme Hair Color,L'Oreal Technique Excellence,Red Hair Color / Auburn Hair Color,13.19,500,https://www.sallybeauty.com/dw/image/v2/BCSM_PRD/on/demandware.static/-/Sites-SBS-SallyBeautySupply/default/dw18d50d27/images/large/SBS-500264-4.jpg?sw=750&sh=750&sfrm=png,https://www.sallybeauty.com/dw/image/v2/BCSM_PRD/on/demandware.static/-/Sites-SBS-SallyBeautySupply/default/dw18d50d27/images/large/SBS-500264-4.png?sw=650&sh=650 | https://www.sallybeauty.com/dw/image/v2/BCSM_PRD/on/demandware.static/-/Sites-SBS-SallyBeautySupply/default/dwb2ac0724/images/large/SBS-500264-2.jpg?sw=750&sh=750&sfrm=png | https://www.sallybeauty.com/dw/image/v2/BCSM_PRD/on/demandware.static/-/Sites-SBS-SallyBeautySupply/default/dwb2ac0724/images/large/SBS-500264-2.png?sw=650&sh=650 | https://www.sallybeauty.com/dw/image/v2/BCSM_PRD/on/demandware.static/-/Sites-SBS-SallyBeautySupply/default/dwc7b6ecc7/images/large/SBS-500264-3.jpg?sw=750&sh=750&sfrm=png,Requires shipping: Yes; Ship-to-home eligible: Yes; Hazmat restriction: No; carrier-calculated shipping at checkout.,https://www.sallybeauty.com/hair-color/shop-by-color/red-hair-color/auburn-hair-color/soft-auburn-permanent-creme-hair-color/SBS-500264.html
SBS-500243,HiColor Red HiLights Copper Permanent Creme Hair Color,L'Oreal Technique Excellence,Shop by Color / Red Hair Color,13.19,500,https://www.sallybeauty.com/dw/image/v2/BCSM_PRD/on/demandware.static/-/Sites-SBS-SallyBeautySupply/default/dw10841dca/images/large/SBS-500243-3.jpg?sw=750&sh=750&sfrm=png,https://www.sallybeauty.com/dw/image/v2/BCSM_PRD/on/demandware.static/-/Sites-SBS-SallyBeautySupply/default/dw10841dca/images/large/SBS-500243-3.png?sw=650&sh=650 | https://www.sallybeauty.com/dw/image/v2/BCSM_PRD/on/demandware.static/-/Sites-SBS-SallyBeautySupply/default/dw56598b07/images/large/SBS-500243-1.jpg?sw=750&sh=750&sfrm=png | https://www.sallybeauty.com/dw/image/v2/BCSM_PRD/on/demandware.static/-/Sites-SBS-SallyBeautySupply/default/dw56598b07/images/large/SBS-500243-1.png?sw=650&sh=650 | https://www.sallybeauty.com/dw/image/v2/BCSM_PRD/on/demandware.static/-/Sites-SBS-SallyBeautySupply/default/dwa06df14d/images/large/SBS-500243.jpg?sw=750&sh=750&sfrm=png,Requires shipping: Yes; Ship-to-home eligible: Yes; Hazmat restriction: No; carrier-calculated shipping at checkout.,https://www.sallybeauty.com/hair-color/shop-by-color/red-hair-color/hicolor-red-hilights-copper-permanent-creme-hair-color/SBS-500243.html
SBS-500240,HiColor Red HiLights Magenta Permanent Creme Hair Color,L'Oreal Technique Excellence,Shop by Color / Red Hair Color,13.19,500,https://www.sallybeauty.com/dw/image/v2/BCSM_PRD/on/demandware.static/-/Sites-SBS-SallyBeautySupply/default/dw3923bd4e/images/large/SBS-500240.jpg?sw=750&sh=750&sfrm=png,https://www.sallybeauty.com/dw/image/v2/BCSM_PRD/on/demandware.static/-/Sites-SBS-SallyBeautySupply/default/dw3923bd4e/images/large/SBS-500240.png?sw=650&sh=650 | https://www.sallybeauty.com/dw/image/v2/BCSM_PRD/on/demandware.static/-/Sites-SBS-SallyBeautySupply/default/dw3b83c5eb/images/large/SBS-500240-1.jpg?sw=750&sh=750&sfrm=png | https://www.sallybeauty.com/dw/image/v2/BCSM_PRD/on/demandware.static/-/Sites-SBS-SallyBeautySupply/default/dw3b83c5eb/images/large/SBS-500240-1.png?sw=650&sh=650 | https://www.sallybeauty.com/dw/image/v2/BCSM_PRD/on/demandware.static/-/Sites-SBS-SallyBeautySupply/default/dw4ef66559/images/large/SBS-500240-4.jpg?sw=750&sh=750&sfrm=png,Requires shipping: Yes; Ship-to-home eligible: Yes; Hazmat restriction: No; carrier-calculated shipping at checkout.,https://www.sallybeauty.com/hair-color/shop-by-color/red-hair-color/hicolor-red-hilights-magenta-permanent-creme-hair-color/SBS-500240.html
SBS-500241,HiColor Red HiLights Red Permanent Creme Hair Color,L'Oreal Technique Excellence,Shop by Color / Red Hair Color,13.19,500,https://www.sallybeauty.com/dw/image/v2/BCSM_PRD/on/demandware.static/-/Sites-SBS-SallyBeautySupply/default/dw0ecb1d81/images/large/SBS-500241-3.jpg?sw=750&sh=750&sfrm=png,https://www.sallybeauty.com/dw/image/v2/BCSM_PRD/on/demandware.static/-/Sites-SBS-SallyBeautySupply/default/dw0ecb1d81/images/large/SBS-500241-3.png?sw=650&sh=650 | https://www.sallybeauty.com/dw/image/v2/BCSM_PRD/on/demandware.static/-/Sites-SBS-SallyBeautySupply/default/dw2c22628f/images/large/SBS-500241-4.jpg?sw=750&sh=750&sfrm=png | https://www.sallybeauty.com/dw/image/v2/BCSM_PRD/on/demandware.static/-/Sites-SBS-SallyBeautySupply/default/dw2c22628f/images/large/SBS-500241-4.png?sw=650&sh=650 | https://www.sallybeauty.com/dw/image/v2/BCSM_PRD/on/demandware.static/-/Sites-SBS-SallyBeautySupply/default/dw36994c2b/images/large/SBS-500241-2.jpg?sw=750&sh=750&sfrm=png,Requires shipping: Yes; Ship-to-home eligible: Yes; Hazmat restriction: No; carrier-calculated shipping at checkout.,https://www.sallybeauty.com/hair-color/shop-by-color/red-hair-color/hicolor-red-hilights-red-permanent-creme-hair-color/SBS-500241.html
SBS-500268,Sizzling Copper Permanent Creme Hair Color,L'Oreal Technique Excellence,Shop by Color / Red Hair Color,13.19,500,https://www.sallybeauty.com/dw/image/v2/BCSM_PRD/on/demandware.static/-/Sites-SBS-SallyBeautySupply/default/dw223906c5/images/large/SBS-500268-1.jpg?sw=750&sh=750&sfrm=png,https://www.sallybeauty.com/dw/image/v2/BCSM_PRD/on/demandware.static/-/Sites-SBS-SallyBeautySupply/default/dw223906c5/images/large/SBS-500268-1.png?sw=650&sh=650 | https://www.sallybeauty.com/dw/image/v2/BCSM_PRD/on/demandware.static/-/Sites-SBS-SallyBeautySupply/default/dw24d51627/images/large/SBS-500268-2.jpg?sw=750&sh=750&sfrm=png | https://www.sallybeauty.com/dw/image/v2/BCSM_PRD/on/demandware.static/-/Sites-SBS-SallyBeautySupply/default/dw24d51627/images/large/SBS-500268-2.png?sw=650&sh=650 | https://www.sallybeauty.com/dw/image/v2/BCSM_PRD/on/demandware.static/-/Sites-SBS-SallyBeautySupply/default/dw3044ef9e/images/large/SBS-500268-3.jpg?sw=750&sh=750&sfrm=png,Requires shipping: Yes; Ship-to-home eligible: Yes; Hazmat restriction: No; carrier-calculated shipping at checkout.,https://www.sallybeauty.com/hair-color/shop-by-color/red-hair-color/sizzling-copper-permanent-creme-hair-color/SBS-500268.html
SBS-222317,Wrath Semi Permanent Hair Color 8 oz.,Arctic Fox,Shop by Type / Semi-Permanent Hair Color,19.99,500,https://www.sallybeauty.com/dw/image/v2/BCSM_PRD/on/demandware.static/-/Sites-SBS-SallyBeautySupply/default/dw01cf8695/images/large/SBS-222317-2.jpg?sw=750&sh=750&sfrm=png,https://www.sallybeauty.com/dw/image/v2/BCSM_PRD/on/demandware.static/-/Sites-SBS-SallyBeautySupply/default/dw01cf8695/images/large/SBS-222317-2.png?sw=650&sh=650 | https://www.sallybeauty.com/dw/image/v2/BCSM_PRD/on/demandware.static/-/Sites-SBS-SallyBeautySupply/default/dw89dfb89c/images/large/SBS-222317-5.jpg?sw=750&sh=750&sfrm=png | https://www.sallybeauty.com/dw/image/v2/BCSM_PRD/on/demandware.static/-/Sites-SBS-SallyBeautySupply/default/dw89dfb89c/images/large/SBS-222317-5.png?sw=650&sh=650 | https://www.sallybeauty.com/dw/image/v2/BCSM_PRD/on/demandware.static/-/Sites-SBS-SallyBeautySupply/default/dw9125f50a/images/large/SBS-222317-1.jpg?sw=750&sh=750&sfrm=png,Requires shipping: Yes; Ship-to-home eligible: Yes; Hazmat restriction: No; carrier-calculated shipping at checkout.,https://www.sallybeauty.com/hair-color/shop-by-type/semi-permanent-hair-color/wrath-semi-permanent-hair-color-8-oz./SBS-222317.html
SBS-164351,Drip & Clog Proof Nail Glue,Beauty Secrets,Acrylic Nails / Nail Glue,7.49,500,https://www.sallybeauty.com/dw/image/v2/BCSM_PRD/on/demandware.static/-/Sites-SBS-SallyBeautySupply/default/dw085f6849/images/large/SBS-164351-4.jpg?sw=750&sh=750&sfrm=png,https://www.sallybeauty.com/dw/image/v2/BCSM_PRD/on/demandware.static/-/Sites-SBS-SallyBeautySupply/default/dw085f6849/images/large/SBS-164351-4.png?sw=650&sh=650 | https://www.sallybeauty.com/dw/image/v2/BCSM_PRD/on/demandware.static/-/Sites-SBS-SallyBeautySupply/default/dw109f0796/images/large/SBS-164351-5.jpg?sw=750&sh=750&sfrm=png | https://www.sallybeauty.com/dw/image/v2/BCSM_PRD/on/demandware.static/-/Sites-SBS-SallyBeautySupply/default/dw109f0796/images/large/SBS-164351-5.png?sw=650&sh=650 | https://www.sallybeauty.com/dw/image/v2/BCSM_PRD/on/demandware.static/-/Sites-SBS-SallyBeautySupply/default/dw1ca986ee/images/large/SBS-164351-2.jpg?sw=750&sh=750&sfrm=png,Requires shipping: Yes; Ship-to-home eligible: Yes; Hazmat restriction: Yes; carrier-calculated shipping at checkout.,https://www.sallybeauty.com/nails/acrylic-nails-and-polygel/nail-glue/drip-and-clog-proof-nail-glue/SBS-164351.html
SBS-018765,Luxe Carousel Auto Rotating Curling Iron,ion Luxe Solutions,Shop All Curling Irons & Wands / Curling Irons,44.99,500,https://www.sallybeauty.com/dw/image/v2/BCSM_PRD/on/demandware.static/-/Sites-SBS-SallyBeautySupply/default/dw08b5df1b/images/large/SBS-018765.jpg?sw=750&sh=750&sfrm=png,https://www.sallybeauty.com/dw/image/v2/BCSM_PRD/on/demandware.static/-/Sites-SBS-SallyBeautySupply/default/dw08b5df1b/images/large/SBS-018765.png?sw=650&sh=650 | https://www.sallybeauty.com/dw/image/v2/BCSM_PRD/on/demandware.static/-/Sites-SBS-SallyBeautySupply/default/dw1fc202d4/images/large/SBS-018765-3.jpg?sw=750&sh=750&sfrm=png | https://www.sallybeauty.com/dw/image/v2/BCSM_PRD/on/demandware.static/-/Sites-SBS-SallyBeautySupply/default/dw1fc202d4/images/large/SBS-018765-3.png?sw=650&sh=650 | https://www.sallybeauty.com/dw/image/v2/BCSM_PRD/on/demandware.static/-/Sites-SBS-SallyBeautySupply/default/dw43abdc15/images/large/SBS-018765-5.jpg?sw=750&sh=750&sfrm=png,Requires shipping: Yes; Ship-to-home eligible: Yes; Hazmat restriction: No; carrier-calculated shipping at checkout.,https://www.sallybeauty.com/tools-and-brushes/curling-irons-and-wands/curling-irons/luxe-carousel-auto-rotating-curling-iron/SBS-018765.html
SBS-646702,Digital Nano Silver Flat Iron 1 1/4 inch,Tool Science,Tools & Brushes / Flat Irons & Hair Straighteners,34.99,500,https://www.sallybeauty.com/dw/image/v2/BCSM_PRD/on/demandware.static/-/Sites-SBS-SallyBeautySupply/default/dw9797141e/images/large/SBS-646702.jpg?sw=750&sh=750&sfrm=png,https://www.sallybeauty.com/dw/image/v2/BCSM_PRD/on/demandware.static/-/Sites-SBS-SallyBeautySupply/default/dw9797141e/images/large/SBS-646702.png?sw=650&sh=650 | https://www.sallybeauty.com/dw/image/v2/BCSM_PRD/on/demandware.static/-/Sites-SBS-SallyBeautySupply/default/dwb95fc26c/images/large/SBS-646702-1.jpg?sw=750&sh=750&sfrm=png | https://www.sallybeauty.com/dw/image/v2/BCSM_PRD/on/demandware.static/-/Sites-SBS-SallyBeautySupply/default/dwb95fc26c/images/large/SBS-646702-1.png?sw=650&sh=650,Requires shipping: Yes; Ship-to-home eligible: Yes; Hazmat restriction: No; carrier-calculated shipping at checkout.,https://www.sallybeauty.com/tools-and-brushes/flat-irons-and-hair-straighteners/digital-nano-silver-flat-iron-1-1-4-inch/SBS-646702.html
SBS-000014,Lava Volcanic Ceramic Flat Iron 1 Inch,CHI Lava,Tools & Brushes / Flat Irons & Hair Straighteners,149.99,1,https://www.sallybeauty.com/dw/image/v2/BCSM_PRD/on/demandware.static/-/Sites-SBS-SallyBeautySupply/default/dw1eb93364/images/large/SBS-000014.jpg?sw=750&sh=750&sfrm=png,https://www.sallybeauty.com/dw/image/v2/BCSM_PRD/on/demandware.static/-/Sites-SBS-SallyBeautySupply/default/dw1eb93364/images/large/SBS-000014.png?sw=650&sh=650 | https://www.sallybeauty.com/dw/image/v2/BCSM_PRD/on/demandware.static/-/Sites-SBS-SallyBeautySupply/default/dw4438f911/images/large/SBS-000014-4.jpg?sw=750&sh=750&sfrm=png | https://www.sallybeauty.com/dw/image/v2/BCSM_PRD/on/demandware.static/-/Sites-SBS-SallyBeautySupply/default/dw4438f911/images/large/SBS-000014-4.png?sw=650&sh=650 | https://www.sallybeauty.com/dw/image/v2/BCSM_PRD/on/demandware.static/-/Sites-SBS-SallyBeautySupply/default/dw461e6a5f/images/large/SBS-000014-1.jpg?sw=750&sh=750&sfrm=png,Requires shipping: Yes; Ship-to-home eligible: Yes; Hazmat restriction: No; carrier-calculated shipping at checkout.,https://www.sallybeauty.com/tools-and-brushes/flat-irons-and-hair-straighteners/lava-volcanic-ceramic-flat-iron-1-inch/SBS-000014.html
SBS-301608,One Stroke Flat Iron 1 inch,ion,Tools & Brushes / Flat Irons & Hair Straighteners,39.99,500,https://www.sallybeauty.com/dw/image/v2/BCSM_PRD/on/demandware.static/-/Sites-SBS-SallyBeautySupply/default/dw03e87533/images/large/SBS-301608-5.jpg?sw=750&sh=750&sfrm=png,https://www.sallybeauty.com/dw/image/v2/BCSM_PRD/on/demandware.static/-/Sites-SBS-SallyBeautySupply/default/dw03e87533/images/large/SBS-301608-5.png?sw=650&sh=650 | https://www.sallybeauty.com/dw/image/v2/BCSM_PRD/on/demandware.static/-/Sites-SBS-SallyBeautySupply/default/dw41789284/images/large/SBS-301608.jpg?sw=750&sh=750&sfrm=png | https://www.sallybeauty.com/dw/image/v2/BCSM_PRD/on/demandware.static/-/Sites-SBS-SallyBeautySupply/default/dw41789284/images/large/SBS-301608.png?sw=650&sh=650 | https://www.sallybeauty.com/dw/image/v2/BCSM_PRD/on/demandware.static/-/Sites-SBS-SallyBeautySupply/default/dwa7762035/images/large/SBS-301608-1.jpg?sw=750&sh=750&sfrm=png,Requires shipping: Yes; Ship-to-home eligible: Yes; Hazmat restriction: No; carrier-calculated shipping at checkout.,https://www.sallybeauty.com/tools-and-brushes/flat-irons-and-hair-straighteners/one-stroke-flat-iron-1-inch/SBS-301608.html
SBS-345342,Prima Titanium Flat Iron 1 Inch,BaBylissPRO,Tools & Brushes / Flat Irons & Hair Straighteners,57.49,139,https://www.sallybeauty.com/dw/image/v2/BCSM_PRD/on/demandware.static/-/Sites-SBS-SallyBeautySupply/default/dw7da68468/images/large/SBS-345342-1.jpg?sw=750&sh=750&sfrm=png,https://www.sallybeauty.com/dw/image/v2/BCSM_PRD/on/demandware.static/-/Sites-SBS-SallyBeautySupply/default/dw7da68468/images/large/SBS-345342-1.png?sw=650&sh=650 | https://www.sallybeauty.com/dw/image/v2/BCSM_PRD/on/demandware.static/-/Sites-SBS-SallyBeautySupply/default/dwa2b605a7/images/large/SBS-345342-2.jpg?sw=750&sh=750&sfrm=png | https://www.sallybeauty.com/dw/image/v2/BCSM_PRD/on/demandware.static/-/Sites-SBS-SallyBeautySupply/default/dwa2b605a7/images/large/SBS-345342-2.png?sw=650&sh=650 | https://www.sallybeauty.com/dw/image/v2/BCSM_PRD/on/demandware.static/-/Sites-SBS-SallyBeautySupply/default/dwc83a0f48/images/large/SBS-345342.jpg?sw=750&sh=750&sfrm=png,Requires shipping: Yes; Ship-to-home eligible: Yes; Hazmat restriction: No; carrier-calculated shipping at checkout.,https://www.sallybeauty.com/tools-and-brushes/flat-irons-and-hair-straighteners/prima-titanium-flat-iron-1-inch/SBS-345342.html
SBS-017426,Compact Thermal Paddle Brush,BaBylissPRO Nano Titanium,Flat Irons & Hair Straighteners / Straightening Brush,54.99,203,https://www.sallybeauty.com/dw/image/v2/BCSM_PRD/on/demandware.static/-/Sites-SBS-SallyBeautySupply/default/dw160738c0/images/large/SBS-017426.jpg?sw=750&sh=750&sfrm=png,https://www.sallybeauty.com/dw/image/v2/BCSM_PRD/on/demandware.static/-/Sites-SBS-SallyBeautySupply/default/dw160738c0/images/large/SBS-017426.png?sw=650&sh=650 | https://www.sallybeauty.com/dw/image/v2/BCSM_PRD/on/demandware.static/-/Sites-SBS-SallyBeautySupply/default/dw8f81b5a8/images/large/SBS-017426-2.jpg?sw=750&sh=750&sfrm=png | https://www.sallybeauty.com/dw/image/v2/BCSM_PRD/on/demandware.static/-/Sites-SBS-SallyBeautySupply/default/dw8f81b5a8/images/large/SBS-017426-2.png?sw=650&sh=650 | https://www.sallybeauty.com/dw/image/v2/BCSM_PRD/on/demandware.static/-/Sites-SBS-SallyBeautySupply/default/dwa415d5dc/images/large/SBS-017426-1.jpg?sw=750&sh=750&sfrm=png,Requires shipping: Yes; Ship-to-home eligible: Yes; Hazmat restriction: No; carrier-calculated shipping at checkout.,https://www.sallybeauty.com/tools-and-brushes/flat-irons-and-hair-straighteners/straightening-brush/compact-thermal-paddle-brush/SBS-017426.html
SBS-008819,GOLDFX Outlining Trimmer,BaBylissPRO GOLDFX,Hair Cutting Tools / Clippers & Trimmers,229.99,482,https://www.sallybeauty.com/dw/image/v2/BCSM_PRD/on/demandware.static/-/Sites-SBS-SallyBeautySupply/default/dw594b01df/images/large/SBS-008819.jpg?sw=750&sh=750&sfrm=png,https://www.sallybeauty.com/dw/image/v2/BCSM_PRD/on/demandware.static/-/Sites-SBS-SallyBeautySupply/default/dw594b01df/images/large/SBS-008819.png?sw=650&sh=650 | https://www.sallybeauty.com/dw/image/v2/BCSM_PRD/on/demandware.static/-/Sites-SBS-SallyBeautySupply/default/dw85986ebc/images/large/SBS-008819-1.jpg?sw=750&sh=750&sfrm=png | https://www.sallybeauty.com/dw/image/v2/BCSM_PRD/on/demandware.static/-/Sites-SBS-SallyBeautySupply/default/dw85986ebc/images/large/SBS-008819-1.png?sw=650&sh=650,Requires shipping: Yes; Ship-to-home eligible: Yes; Hazmat restriction: No; carrier-calculated shipping at checkout.,https://www.sallybeauty.com/tools-and-brushes/hair-cutting-tools/clippers-and-trimmers/goldfx-outlining-trimmer/SBS-008819.html
SBS-003962,Deep/Dark Powder Contour Palette,Kokie,Makeup / Face,14.99,32,https://www.sallybeauty.com/dw/image/v2/BCSM_PRD/on/demandware.static/-/Sites-SBS-SallyBeautySupply/default/dw7edc701c/images/large/SBS-003962-1.jpg?sw=750&sh=750&sfrm=png,https://www.sallybeauty.com/dw/image/v2/BCSM_PRD/on/demandware.static/-/Sites-SBS-SallyBeautySupply/default/dw7edc701c/images/large/SBS-003962-1.png?sw=650&sh=650 | https://www.sallybeauty.com/dw/image/v2/BCSM_PRD/on/demandware.static/-/Sites-SBS-SallyBeautySupply/default/dwd24e495c/images/large/SBS-003962.jpg?sw=750&sh=750&sfrm=png | https://www.sallybeauty.com/dw/image/v2/BCSM_PRD/on/demandware.static/-/Sites-SBS-SallyBeautySupply/default/dwd24e495c/images/large/SBS-003962.png?sw=650&sh=650,Requires shipping: Yes; Ship-to-home eligible: Yes; Hazmat restriction: No; carrier-calculated shipping at checkout.,https://www.sallybeauty.com/beauty/makeup/face/deep-dark-powder-contour-palette/SBS-003962.html
SBS-009403,Setting Spray,Glowbloom,Makeup / Face,7.29,65,https://www.sallybeauty.com/dw/image/v2/BCSM_PRD/on/demandware.static/-/Sites-SBS-SallyBeautySupply/default/dwd0c5b6c1/images/large/SBS-009403.jpg?sw=750&sh=750&sfrm=png,https://www.sallybeauty.com/dw/image/v2/BCSM_PRD/on/demandware.static/-/Sites-SBS-SallyBeautySupply/default/dwd0c5b6c1/images/large/SBS-009403.png?sw=650&sh=650,Requires shipping: Yes; Ship-to-home eligible: Yes; Hazmat restriction: No; carrier-calculated shipping at checkout.,https://www.sallybeauty.com/beauty/makeup/face/setting-spray/SBS-009403.html
SBS-528401,Instant Arched Brows,Fran Wilson,Makeup / Eye Makeup,5.19,500,https://www.sallybeauty.com/dw/image/v2/BCSM_PRD/on/demandware.static/-/Sites-SBS-SallyBeautySupply/default/dw64da27c3/images/large/SBS-528401-1.jpg?sw=750&sh=750&sfrm=png,https://www.sallybeauty.com/dw/image/v2/BCSM_PRD/on/demandware.static/-/Sites-SBS-SallyBeautySupply/default/dw64da27c3/images/large/SBS-528401-1.png?sw=650&sh=650 | https://www.sallybeauty.com/dw/image/v2/BCSM_PRD/on/demandware.static/-/Sites-SBS-SallyBeautySupply/default/dw7cfdaad5/images/large/SBS-528401.jpg?sw=750&sh=750&sfrm=png | https://www.sallybeauty.com/dw/image/v2/BCSM_PRD/on/demandware.static/-/Sites-SBS-SallyBeautySupply/default/dw7cfdaad5/images/large/SBS-528401.png?sw=650&sh=650,Requires shipping: Yes; Ship-to-home eligible: Yes; Hazmat restriction: No; carrier-calculated shipping at checkout.,https://www.sallybeauty.com/beauty/makeup/eyebrows/instant-arched-brows/SBS-528401.html
SBS-525350,Facial Hair Razors,Diane,Makeup / Tools & Brushes,5.99,500,https://www.sallybeauty.com/dw/image/v2/BCSM_PRD/on/demandware.static/-/Sites-SBS-SallyBeautySupply/default/dwbf831efb/images/large/SBS-525350-1.jpg?sw=750&sh=750&sfrm=png,https://www.sallybeauty.com/dw/image/v2/BCSM_PRD/on/demandware.static/-/Sites-SBS-SallyBeautySupply/default/dwbf831efb/images/large/SBS-525350-1.png?sw=650&sh=650 | https://www.sallybeauty.com/dw/image/v2/BCSM_PRD/on/demandware.static/-/Sites-SBS-SallyBeautySupply/default/dwbfc9c855/images/large/SBS-525350.jpg?sw=750&sh=750&sfrm=png | https://www.sallybeauty.com/dw/image/v2/BCSM_PRD/on/demandware.static/-/Sites-SBS-SallyBeautySupply/default/dwbfc9c855/images/large/SBS-525350.png?sw=650&sh=650,Requires shipping: Yes; Ship-to-home eligible: Yes; Hazmat restriction: No; carrier-calculated shipping at checkout.,https://www.sallybeauty.com/beauty/makeup/tools-and-brushes/eyebrow-shaper/SBS-525350.html
SBS-655614,Charcoal Powder Cleanser,Beyond Belief,Skin Care / Cleansers & Toners,2.00,1,https://www.sallybeauty.com/dw/image/v2/BCSM_PRD/on/demandware.static/-/Sites-SBS-SallyBeautySupply/default/dwdfd3efcc/images/large/SBS-655614-1.jpg?sw=750&sh=750&sfrm=png,https://www.sallybeauty.com/dw/image/v2/BCSM_PRD/on/demandware.static/-/Sites-SBS-SallyBeautySupply/default/dwdfd3efcc/images/large/SBS-655614-1.png?sw=650&sh=650 | https://www.sallybeauty.com/dw/image/v2/BCSM_PRD/on/demandware.static/-/Sites-SBS-SallyBeautySupply/default/dwfc424304/images/large/SBS-655614.jpg?sw=750&sh=750&sfrm=png | https://www.sallybeauty.com/dw/image/v2/BCSM_PRD/on/demandware.static/-/Sites-SBS-SallyBeautySupply/default/dwfc424304/images/large/SBS-655614.png?sw=650&sh=650,Requires shipping: Yes; Ship-to-home eligible: Yes; Hazmat restriction: No; carrier-calculated shipping at checkout.,https://www.sallybeauty.com/beauty/skincare/cleansers-and-toners/charcoal-powder-cleanser/SBS-655614.html
SBS-169609,Body Buffing Pad,Beauty Secrets,Skin Care / Body Care,2.99,500,https://www.sallybeauty.com/dw/image/v2/BCSM_PRD/on/demandware.static/-/Sites-SBS-SallyBeautySupply/default/dw1375ef62/images/large/SBS-169609-2.jpg?sw=750&sh=750&sfrm=png,https://www.sallybeauty.com/dw/image/v2/BCSM_PRD/on/demandware.static/-/Sites-SBS-SallyBeautySupply/default/dw1375ef62/images/large/SBS-169609-2.png?sw=650&sh=650 | https://www.sallybeauty.com/dw/image/v2/BCSM_PRD/on/demandware.static/-/Sites-SBS-SallyBeautySupply/default/dw7daf3f7f/images/large/SBS-169609-1.jpg?sw=750&sh=750&sfrm=png | https://www.sallybeauty.com/dw/image/v2/BCSM_PRD/on/demandware.static/-/Sites-SBS-SallyBeautySupply/default/dw7daf3f7f/images/large/SBS-169609-1.png?sw=650&sh=650 | https://www.sallybeauty.com/dw/image/v2/BCSM_PRD/on/demandware.static/-/Sites-SBS-SallyBeautySupply/default/dw906216a7/images/large/SBS-169609.jpg?sw=750&sh=750&sfrm=png,Requires shipping: Yes; Ship-to-home eligible: Yes; Hazmat restriction: No; carrier-calculated shipping at checkout.,https://www.sallybeauty.com/beauty/skincare/body-care/body-buffing-pad/SBS-169609.html
SBS-008834,Glow Serum with Plant-derived Squalane,Here Beautiful!,Cosmetics & Skin Care / Skin Care,19.79,3,https://www.sallybeauty.com/dw/image/v2/BCSM_PRD/on/demandware.static/-/Sites-SBS-SallyBeautySupply/default/dw55616dc6/images/large/SBS-008834-2.jpg?sw=750&sh=750&sfrm=png,https://www.sallybeauty.com/dw/image/v2/BCSM_PRD/on/demandware.static/-/Sites-SBS-SallyBeautySupply/default/dw55616dc6/images/large/SBS-008834-2.png?sw=650&sh=650 | https://www.sallybeauty.com/dw/image/v2/BCSM_PRD/on/demandware.static/-/Sites-SBS-SallyBeautySupply/default/dw5c313afc/images/large/SBS-008834.jpg?sw=750&sh=750&sfrm=png | https://www.sallybeauty.com/dw/image/v2/BCSM_PRD/on/demandware.static/-/Sites-SBS-SallyBeautySupply/default/dw5c313afc/images/large/SBS-008834.png?sw=650&sh=650 | https://www.sallybeauty.com/dw/image/v2/BCSM_PRD/on/demandware.static/-/Sites-SBS-SallyBeautySupply/default/dw7d71cd7c/images/large/SBS-008834-1.jpg?sw=750&sh=750&sfrm=png,Requires shipping: Yes; Ship-to-home eligible: Yes; Hazmat restriction: No; carrier-calculated shipping at checkout.,https://www.sallybeauty.com/beauty/skincare/glow-serum-with-plant-derived-squalane/SBS-008834.html
SBS-009851,Mini Cleansing Brush,EcoTools,Skin Care / Skincare Accessories & Tools,2.75,1,https://www.sallybeauty.com/dw/image/v2/BCSM_PRD/on/demandware.static/-/Sites-SBS-SallyBeautySupply/default/dw3d558bda/images/large/SBS-009851.jpg?sw=750&sh=750&sfrm=png,https://www.sallybeauty.com/dw/image/v2/BCSM_PRD/on/demandware.static/-/Sites-SBS-SallyBeautySupply/default/dw3d558bda/images/large/SBS-009851.png?sw=650&sh=650 | https://www.sallybeauty.com/dw/image/v2/BCSM_PRD/on/demandware.static/-/Sites-SBS-SallyBeautySupply/default/dw84d5b2fa/images/large/SBS-009851-2.jpg?sw=750&sh=750&sfrm=png | https://www.sallybeauty.com/dw/image/v2/BCSM_PRD/on/demandware.static/-/Sites-SBS-SallyBeautySupply/default/dw84d5b2fa/images/large/SBS-009851-2.png?sw=650&sh=650 | https://www.sallybeauty.com/dw/image/v2/BCSM_PRD/on/demandware.static/-/Sites-SBS-SallyBeautySupply/default/dw8db2c33d/images/large/SBS-009851-1.jpg?sw=750&sh=750&sfrm=png,Requires shipping: Yes; Ship-to-home eligible: Yes; Hazmat restriction: No; carrier-calculated shipping at checkout.,https://www.sallybeauty.com/beauty/skincare/skincare-accessories-and-tools/mini-cleansing-brush/SBS-009851.html
SBS-009492,Premium Cotton Cleansing Pads,Simply Soft,Skin Care / Skincare Accessories & Tools,9.99,1,https://www.sallybeauty.com/dw/image/v2/BCSM_PRD/on/demandware.static/-/Sites-SBS-SallyBeautySupply/default/dw05871d85/images/large/SBS-009492.jpg?sw=750&sh=750&sfrm=png,https://www.sallybeauty.com/dw/image/v2/BCSM_PRD/on/demandware.static/-/Sites-SBS-SallyBeautySupply/default/dw05871d85/images/large/SBS-009492.png?sw=650&sh=650 | https://www.sallybeauty.com/dw/image/v2/BCSM_PRD/on/demandware.static/-/Sites-SBS-SallyBeautySupply/default/dw74152d69/images/large/SBS-009492-1.jpg?sw=750&sh=750&sfrm=png | https://www.sallybeauty.com/dw/image/v2/BCSM_PRD/on/demandware.static/-/Sites-SBS-SallyBeautySupply/default/dw74152d69/images/large/SBS-009492-1.png?sw=650&sh=650,Requires shipping: Yes; Ship-to-home eligible: Yes; Hazmat restriction: No; carrier-calculated shipping at checkout.,https://www.sallybeauty.com/beauty/skincare/skincare-accessories-and-tools/premium-cotton-cleansing-pads/SBS-009492.html
SBS-705333,Instant Self Tanner Bronzing Mousse,Body Drench,Waxing & Tanning / Self Tanning,14.29,2,https://www.sallybeauty.com/dw/image/v2/BCSM_PRD/on/demandware.static/-/Sites-SBS-SallyBeautySupply/default/dw039287ab/images/large/SBS-705333.jpg?sw=750&sh=750&sfrm=png,https://www.sallybeauty.com/dw/image/v2/BCSM_PRD/on/demandware.static/-/Sites-SBS-SallyBeautySupply/default/dw039287ab/images/large/SBS-705333.png?sw=650&sh=650 | https://www.sallybeauty.com/dw/image/v2/BCSM_PRD/on/demandware.static/-/Sites-SBS-SallyBeautySupply/default/dw5932e7bb/images/large/SBS-705333-1.jpg?sw=750&sh=750&sfrm=png | https://www.sallybeauty.com/dw/image/v2/BCSM_PRD/on/demandware.static/-/Sites-SBS-SallyBeautySupply/default/dw5932e7bb/images/large/SBS-705333-1.png?sw=650&sh=650,Requires shipping: Yes; Ship-to-home eligible: Yes; Hazmat restriction: No; carrier-calculated shipping at checkout.,https://www.sallybeauty.com/cosmetics-and-skin-care/waxing-and-tanning/self-tanning/instant-self-tanner-bronzing-mousse/SBS-705333.html
SBS-448035,14 oz All Purpose Honee Wax,GiGi,Waxing & Tanning / Waxing & Hair Removal,14.99,500,https://www.sallybeauty.com/dw/image/v2/BCSM_PRD/on/demandware.static/-/Sites-SBS-SallyBeautySupply/default/dw346747fe/images/large/SBS-448035.jpg?sw=750&sh=750&sfrm=png,https://www.sallybeauty.com/dw/image/v2/BCSM_PRD/on/demandware.static/-/Sites-SBS-SallyBeautySupply/default/dw346747fe/images/large/SBS-448035.png?sw=650&sh=650,Requires shipping: Yes; Ship-to-home eligible: Yes; Hazmat restriction: No; carrier-calculated shipping at checkout.,https://www.sallybeauty.com/beauty/hair-removal/eyebrow-and-body-waxes/14-oz-all-purpose-honee-wax/SBS-448035.html
SBS-448508,Mini Pro Waxing Kit,GiGi,Waxing & Tanning / Waxing & Hair Removal,64.99,500,https://www.sallybeauty.com/dw/image/v2/BCSM_PRD/on/demandware.static/-/Sites-SBS-SallyBeautySupply/default/dw02806d27/images/large/SBS-448508-3.jpg?sw=750&sh=750&sfrm=png,https://www.sallybeauty.com/dw/image/v2/BCSM_PRD/on/demandware.static/-/Sites-SBS-SallyBeautySupply/default/dw02806d27/images/large/SBS-448508-3.png?sw=650&sh=650 | https://www.sallybeauty.com/dw/image/v2/BCSM_PRD/on/demandware.static/-/Sites-SBS-SallyBeautySupply/default/dw22875bcc/images/large/SBS-448508-5.jpg?sw=750&sh=750&sfrm=png | https://www.sallybeauty.com/dw/image/v2/BCSM_PRD/on/demandware.static/-/Sites-SBS-SallyBeautySupply/default/dw22875bcc/images/large/SBS-448508-5.png?sw=650&sh=650 | https://www.sallybeauty.com/dw/image/v2/BCSM_PRD/on/demandware.static/-/Sites-SBS-SallyBeautySupply/default/dw630efaf7/images/large/SBS-448508-2.jpg?sw=750&sh=750&sfrm=png,Requires shipping: Yes; Ship-to-home eligible: Yes; Hazmat restriction: Yes; carrier-calculated shipping at checkout.,https://www.sallybeauty.com/beauty/hair-removal/eyebrow-and-body-waxes/mini-pro-waxing-kit/SBS-448508.html
SBS-448027,Azulene Wax,GiGi,Cosmetics & Skin Care / Waxing & Tanning,17.99,500,https://www.sallybeauty.com/dw/image/v2/BCSM_PRD/on/demandware.static/-/Sites-SBS-SallyBeautySupply/default/dw2c25f298/images/large/SBS-448027.jpg?sw=750&sh=750&sfrm=png,https://www.sallybeauty.com/dw/image/v2/BCSM_PRD/on/demandware.static/-/Sites-SBS-SallyBeautySupply/default/dw2c25f298/images/large/SBS-448027.png?sw=650&sh=650,Requires shipping: Yes; Ship-to-home eligible: Yes; Hazmat restriction: No; carrier-calculated shipping at checkout.,https://www.sallybeauty.com/beauty/hair-removal/azulene-wax/SBS-448027.html
SBS-008712,I want the darkest tan possible - self tan mousse,b.tan,Waxing & Tanning / Self Tanning,13.99,500,https://www.sallybeauty.com/dw/image/v2/BCSM_PRD/on/demandware.static/-/Sites-SBS-SallyBeautySupply/default/dw1bd672d2/images/large/SBS-008712-4.jpg?sw=750&sh=750&sfrm=png,https://www.sallybeauty.com/dw/image/v2/BCSM_PRD/on/demandware.static/-/Sites-SBS-SallyBeautySupply/default/dw1bd672d2/images/large/SBS-008712-4.png?sw=650&sh=650 | https://www.sallybeauty.com/dw/image/v2/BCSM_PRD/on/demandware.static/-/Sites-SBS-SallyBeautySupply/default/dw2226e063/images/large/SBS-008712-1.jpg?sw=750&sh=750&sfrm=png | https://www.sallybeauty.com/dw/image/v2/BCSM_PRD/on/demandware.static/-/Sites-SBS-SallyBeautySupply/default/dw2226e063/images/large/SBS-008712-1.png?sw=650&sh=650 | https://www.sallybeauty.com/dw/image/v2/BCSM_PRD/on/demandware.static/-/Sites-SBS-SallyBeautySupply/default/dw3f72be25/images/large/SBS-008712-2.jpg?sw=750&sh=750&sfrm=png,Requires shipping: Yes; Ship-to-home eligible: Yes; Hazmat restriction: No; carrier-calculated shipping at checkout.,https://www.sallybeauty.com/cosmetics-and-skin-care/waxing-and-tanning/self-tanning/i-want-the-darkest-tan-possible---self-tan-mousse/SBS-008712.html
SBS-019716,Glow Your Own Way Next Level Tan Gel,b.tan,Waxing & Tanning / Self Tanning,16.99,355,https://www.sallybeauty.com/dw/image/v2/BCSM_PRD/on/demandware.static/-/Sites-SBS-SallyBeautySupply/default/dw08bf7509/images/large/SBS-019716-2.jpg?sw=750&sh=750&sfrm=png,https://www.sallybeauty.com/dw/image/v2/BCSM_PRD/on/demandware.static/-/Sites-SBS-SallyBeautySupply/default/dw08bf7509/images/large/SBS-019716-2.png?sw=650&sh=650 | https://www.sallybeauty.com/dw/image/v2/BCSM_PRD/on/demandware.static/-/Sites-SBS-SallyBeautySupply/default/dw4f1bccb3/images/large/SBS-019716-1.jpg?sw=750&sh=750&sfrm=png | https://www.sallybeauty.com/dw/image/v2/BCSM_PRD/on/demandware.static/-/Sites-SBS-SallyBeautySupply/default/dw4f1bccb3/images/large/SBS-019716-1.png?sw=650&sh=650 | https://www.sallybeauty.com/dw/image/v2/BCSM_PRD/on/demandware.static/-/Sites-SBS-SallyBeautySupply/default/dwe6b678df/images/large/SBS-019716-3.jpg?sw=750&sh=750&sfrm=png,Requires shipping: Yes; Ship-to-home eligible: Yes; Hazmat restriction: No; carrier-calculated shipping at checkout.,https://www.sallybeauty.com/cosmetics-and-skin-care/waxing-and-tanning/self-tanning/glow-your-own-way-next-level-tan-gel/SBS-019716.html
SBS-019718,Glow Your Own Way Tan Gel,b.tan,Waxing & Tanning / Self Tanning,16.99,500,https://www.sallybeauty.com/dw/image/v2/BCSM_PRD/on/demandware.static/-/Sites-SBS-SallyBeautySupply/default/dw763e1495/images/large/SBS-019718-1.jpg?sw=750&sh=750&sfrm=png,https://www.sallybeauty.com/dw/image/v2/BCSM_PRD/on/demandware.static/-/Sites-SBS-SallyBeautySupply/default/dw763e1495/images/large/SBS-019718-1.png?sw=650&sh=650 | https://www.sallybeauty.com/dw/image/v2/BCSM_PRD/on/demandware.static/-/Sites-SBS-SallyBeautySupply/default/dw79c05f16/images/large/SBS-019718-2.jpg?sw=750&sh=750&sfrm=png | https://www.sallybeauty.com/dw/image/v2/BCSM_PRD/on/demandware.static/-/Sites-SBS-SallyBeautySupply/default/dw79c05f16/images/large/SBS-019718-2.png?sw=650&sh=650 | https://www.sallybeauty.com/dw/image/v2/BCSM_PRD/on/demandware.static/-/Sites-SBS-SallyBeautySupply/default/dw9794afd1/images/large/SBS-019718.jpg?sw=750&sh=750&sfrm=png,Requires shipping: Yes; Ship-to-home eligible: Yes; Hazmat restriction: No; carrier-calculated shipping at checkout.,https://www.sallybeauty.com/cosmetics-and-skincare/waxing-and-tanning/self-tanning/glow-your-own-way-tan-gel/SBS-019718.html
SBS-018740,Bonding Technology Lightener Tub 16 oz,bondbar,Other Products and Applications / Bleach & Lightener,25.49,500,https://www.sallybeauty.com/dw/image/v2/BCSM_PRD/on/demandware.static/-/Sites-SBS-SallyBeautySupply/default/dw364c34f8/images/large/SBS-018740.jpg?sw=750&sh=750&sfrm=png,https://www.sallybeauty.com/dw/image/v2/BCSM_PRD/on/demandware.static/-/Sites-SBS-SallyBeautySupply/default/dw364c34f8/images/large/SBS-018740.png?sw=650&sh=650 | https://www.sallybeauty.com/dw/image/v2/BCSM_PRD/on/demandware.static/-/Sites-SBS-SallyBeautySupply/default/dwa0f3998d/images/large/SBS-018740-1.jpg?sw=750&sh=750&sfrm=png | https://www.sallybeauty.com/dw/image/v2/BCSM_PRD/on/demandware.static/-/Sites-SBS-SallyBeautySupply/default/dwa0f3998d/images/large/SBS-018740-1.png?sw=650&sh=650,Requires shipping: Yes; Ship-to-home eligible: Yes; Hazmat restriction: Yes; carrier-calculated shipping at checkout.,https://www.sallybeauty.com/hair-color/other-products-and-applications/bleach-and-lightener/bonding-technology-lightener-tub-16-oz/SBS-018740.html
SBS-124187,Value Size Creme Lightener,AGEbeautiful,Other Products and Applications / Bleach & Lightener,19.79,1,https://www.sallybeauty.com/dw/image/v2/BCSM_PRD/on/demandware.static/-/Sites-SBS-SallyBeautySupply/default/dw6829b030/images/large/SBS-124187-1.jpg?sw=750&sh=750&sfrm=png,https://www.sallybeauty.com/dw/image/v2/BCSM_PRD/on/demandware.static/-/Sites-SBS-SallyBeautySupply/default/dw6829b030/images/large/SBS-124187-1.png?sw=650&sh=650 | https://www.sallybeauty.com/dw/image/v2/BCSM_PRD/on/demandware.static/-/Sites-SBS-SallyBeautySupply/default/dwe4bf8911/images/large/SBS-124187.jpg?sw=750&sh=750&sfrm=png | https://www.sallybeauty.com/dw/image/v2/BCSM_PRD/on/demandware.static/-/Sites-SBS-SallyBeautySupply/default/dwe4bf8911/images/large/SBS-124187.png?sw=650&sh=650,Requires shipping: Yes; Ship-to-home eligible: Yes; Hazmat restriction: Yes; carrier-calculated shipping at checkout.,https://www.sallybeauty.com/hair-color/other-products-and-applications/bleach-and-lightener/value-size-creme-lightener/SBS-124187.html
SBS-018926,Cooling Ash Bonding Toner Demi-Permanent Hair Color,bondbar,Other Products and Applications / Toner,12.99,500,https://www.sallybeauty.com/dw/image/v2/BCSM_PRD/on/demandware.static/-/Sites-SBS-SallyBeautySupply/default/dw04f1fbc6/images/large/SBS-018926.jpg?sw=750&sh=750&sfrm=png,https://www.sallybeauty.com/dw/image/v2/BCSM_PRD/on/demandware.static/-/Sites-SBS-SallyBeautySupply/default/dw04f1fbc6/images/large/SBS-018926.png?sw=650&sh=650 | https://www.sallybeauty.com/dw/image/v2/BCSM_PRD/on/demandware.static/-/Sites-SBS-SallyBeautySupply/default/dw2ccd55a4/images/large/SBS-018926-4.jpg?sw=750&sh=750&sfrm=png | https://www.sallybeauty.com/dw/image/v2/BCSM_PRD/on/demandware.static/-/Sites-SBS-SallyBeautySupply/default/dw2ccd55a4/images/large/SBS-018926-4.png?sw=650&sh=650 | https://www.sallybeauty.com/dw/image/v2/BCSM_PRD/on/demandware.static/-/Sites-SBS-SallyBeautySupply/default/dw86ea20c8/images/large/SBS-018926-2.jpg?sw=750&sh=750&sfrm=png,Requires shipping: Yes; Ship-to-home eligible: Yes; Hazmat restriction: No; carrier-calculated shipping at checkout.,https://www.sallybeauty.com/hair-color/other-products-and-applications/toner/cooling-ash-bonding-toner/SBS-018926.html
SBS-405017,Absolute Perfection Booster Step 1,ion Color Brilliance,Other Products and Applications / Fillers & Additives,2.69,500,https://www.sallybeauty.com/dw/image/v2/BCSM_PRD/on/demandware.static/-/Sites-SBS-SallyBeautySupply/default/dw4928f5e7/images/large/SBS-405017-1.jpg?sw=750&sh=750&sfrm=png,https://www.sallybeauty.com/dw/image/v2/BCSM_PRD/on/demandware.static/-/Sites-SBS-SallyBeautySupply/default/dw4928f5e7/images/large/SBS-405017-1.png?sw=650&sh=650 | https://www.sallybeauty.com/dw/image/v2/BCSM_PRD/on/demandware.static/-/Sites-SBS-SallyBeautySupply/default/dw9d2467b1/images/large/SBS-405017-3.jpg?sw=750&sh=750&sfrm=png | https://www.sallybeauty.com/dw/image/v2/BCSM_PRD/on/demandware.static/-/Sites-SBS-SallyBeautySupply/default/dw9d2467b1/images/large/SBS-405017-3.png?sw=650&sh=650 | https://www.sallybeauty.com/dw/image/v2/BCSM_PRD/on/demandware.static/-/Sites-SBS-SallyBeautySupply/default/dwd1442fd4/images/large/SBS-405017.jpg?sw=750&sh=750&sfrm=png,Requires shipping: Yes; Ship-to-home eligible: Yes; Hazmat restriction: No; carrier-calculated shipping at checkout.,https://www.sallybeauty.com/hair-color/other-products-and-applications/fillers-and-additives/absolute-perfection-booster-step-1/SBS-405017.html
SBS-004783,"Bleach, Please Complete Lightening Kit",Arctic Fox,Other Products and Applications / Bleach & Lightener,19.99,500,https://www.sallybeauty.com/dw/image/v2/BCSM_PRD/on/demandware.static/-/Sites-SBS-SallyBeautySupply/default/dw17233ad6/images/large/SBS-004783-4.jpg?sw=750&sh=750&sfrm=png,https://www.sallybeauty.com/dw/image/v2/BCSM_PRD/on/demandware.static/-/Sites-SBS-SallyBeautySupply/default/dw17233ad6/images/large/SBS-004783-4.png?sw=650&sh=650 | https://www.sallybeauty.com/dw/image/v2/BCSM_PRD/on/demandware.static/-/Sites-SBS-SallyBeautySupply/default/dw57e6fd32/images/large/SBS-004783-2.jpg?sw=750&sh=750&sfrm=png | https://www.sallybeauty.com/dw/image/v2/BCSM_PRD/on/demandware.static/-/Sites-SBS-SallyBeautySupply/default/dw57e6fd32/images/large/SBS-004783-2.png?sw=650&sh=650 | https://www.sallybeauty.com/dw/image/v2/BCSM_PRD/on/demandware.static/-/Sites-SBS-SallyBeautySupply/default/dw641fbdee/images/large/SBS-004783-5.jpg?sw=750&sh=750&sfrm=png,Requires shipping: Yes; Ship-to-home eligible: Yes; Hazmat restriction: Yes; carrier-calculated shipping at checkout.,https://www.sallybeauty.com/hair-color/other-products-and-applications/bleach-and-lightener/bleach-please-complete-lightening-kit/SBS-004783.html
SBS-019367,1B Blue Black Permanent Liqui-Crème Hair Color,Better Natured,Shop by Type / Permanent Hair Color,13.19,4,https://www.sallybeauty.com/dw/image/v2/BCSM_PRD/on/demandware.static/-/Sites-SBS-SallyBeautySupply/default/dw28c3fdf7/images/large/SBS-019367.jpg?sw=750&sh=750&sfrm=png,https://www.sallybeauty.com/dw/image/v2/BCSM_PRD/on/demandware.static/-/Sites-SBS-SallyBeautySupply/default/dw28c3fdf7/images/large/SBS-019367.png?sw=650&sh=650 | https://www.sallybeauty.com/dw/image/v2/BCSM_PRD/on/demandware.static/-/Sites-SBS-SallyBeautySupply/default/dw4015a9fe/images/large/SBS-019367-3.jpg?sw=750&sh=750&sfrm=png | https://www.sallybeauty.com/dw/image/v2/BCSM_PRD/on/demandware.static/-/Sites-SBS-SallyBeautySupply/default/dw4015a9fe/images/large/SBS-019367-3.png?sw=650&sh=650 | https://www.sallybeauty.com/dw/image/v2/BCSM_PRD/on/demandware.static/-/Sites-SBS-SallyBeautySupply/default/dwb46d8b7d/images/large/SBS-019367-1.jpg?sw=750&sh=750&sfrm=png,Requires shipping: Yes; Ship-to-home eligible: Yes; Hazmat restriction: No; carrier-calculated shipping at checkout.,https://www.sallybeauty.com/hair-color/shop-by-type/permanent-hair-color/1b-blue-black-permanent-liqui-cr%C3%A8me-hair-color/SBS-019367.html
SBS-019361,5RR Intense Red Permanent Liqui-Crème Hair Color,Better Natured,Shop by Type / Permanent Hair Color,13.19,2,https://www.sallybeauty.com/dw/image/v2/BCSM_PRD/on/demandware.static/-/Sites-SBS-SallyBeautySupply/default/dw5025be6a/images/large/SBS-019361-1.jpg?sw=750&sh=750&sfrm=png,https://www.sallybeauty.com/dw/image/v2/BCSM_PRD/on/demandware.static/-/Sites-SBS-SallyBeautySupply/default/dw5025be6a/images/large/SBS-019361-1.png?sw=650&sh=650 | https://www.sallybeauty.com/dw/image/v2/BCSM_PRD/on/demandware.static/-/Sites-SBS-SallyBeautySupply/default/dw78a0de48/images/large/SBS-019361-3.jpg?sw=750&sh=750&sfrm=png | https://www.sallybeauty.com/dw/image/v2/BCSM_PRD/on/demandware.static/-/Sites-SBS-SallyBeautySupply/default/dw78a0de48/images/large/SBS-019361-3.png?sw=650&sh=650 | https://www.sallybeauty.com/dw/image/v2/BCSM_PRD/on/demandware.static/-/Sites-SBS-SallyBeautySupply/default/dw8da28127/images/large/SBS-019361.jpg?sw=750&sh=750&sfrm=png,Requires shipping: Yes; Ship-to-home eligible: Yes; Hazmat restriction: No; carrier-calculated shipping at checkout.,https://www.sallybeauty.com/hair-color/shop-by-type/permanent-hair-color/5rr-intense-red-permanent-liqui-cr%C3%A8me-hair-color/SBS-019361.html
SBS-500269,Intense Red Permanent Creme Hair Color,L'Oreal Technique Excellence,Shop by Color / Red Hair Color,13.19,500,https://www.sallybeauty.com/dw/image/v2/BCSM_PRD/on/demandware.static/-/Sites-SBS-SallyBeautySupply/default/dw385ba41a/images/large/SBS-500269-3.jpg?sw=750&sh=750&sfrm=png,https://www.sallybeauty.com/dw/image/v2/BCSM_PRD/on/demandware.static/-/Sites-SBS-SallyBeautySupply/default/dw385ba41a/images/large/SBS-500269-3.png?sw=650&sh=650 | https://www.sallybeauty.com/dw/image/v2/BCSM_PRD/on/demandware.static/-/Sites-SBS-SallyBeautySupply/default/dw4af36515/images/large/SBS-500269-4.jpg?sw=750&sh=750&sfrm=png | https://www.sallybeauty.com/dw/image/v2/BCSM_PRD/on/demandware.static/-/Sites-SBS-SallyBeautySupply/default/dw4af36515/images/large/SBS-500269-4.png?sw=650&sh=650 | https://www.sallybeauty.com/dw/image/v2/BCSM_PRD/on/demandware.static/-/Sites-SBS-SallyBeautySupply/default/dw6fd515fb/images/large/SBS-500269-2.jpg?sw=750&sh=750&sfrm=png,Requires shipping: Yes; Ship-to-home eligible: Yes; Hazmat restriction: No; carrier-calculated shipping at checkout.,https://www.sallybeauty.com/hair-color/shop-by-color/red-hair-color/intense-red-permanent-creme-hair-color/SBS-500269.html
SBS-405602,Permanent Brights Creme Hair Color Garnet,ion Color Brilliance,Shop by Color / Red Hair Color,9.99,500,https://www.sallybeauty.com/dw/image/v2/BCSM_PRD/on/demandware.static/-/Sites-SBS-SallyBeautySupply/default/dw4a26acd8/images/large/SBS-405602-1.jpg?sw=750&sh=750&sfrm=png,https://www.sallybeauty.com/dw/image/v2/BCSM_PRD/on/demandware.static/-/Sites-SBS-SallyBeautySupply/default/dw4a26acd8/images/large/SBS-405602-1.png?sw=650&sh=650 | https://www.sallybeauty.com/dw/image/v2/BCSM_PRD/on/demandware.static/-/Sites-SBS-SallyBeautySupply/default/dwabb0e26a/images/large/SBS-405602.jpg?sw=750&sh=750&sfrm=png | https://www.sallybeauty.com/dw/image/v2/BCSM_PRD/on/demandware.static/-/Sites-SBS-SallyBeautySupply/default/dwabb0e26a/images/large/SBS-405602.png?sw=650&sh=650 | https://www.sallybeauty.com/dw/image/v2/BCSM_PRD/on/demandware.static/-/Sites-SBS-SallyBeautySupply/default/dwac925357/images/large/SBS-405602-2.jpg?sw=750&sh=750&sfrm=png,Requires shipping: Yes; Ship-to-home eligible: Yes; Hazmat restriction: No; carrier-calculated shipping at checkout.,https://www.sallybeauty.com/hair-color/shop-by-color/red-hair-color/permanent-brights-creme-hair-color-garnet/SBS-405602.html
SBS-005973,Semi-Permanent Hair Color Paradox,Suavecito Suavecita,Shop by Type / Semi-Permanent Hair Color,8.79,1,https://www.sallybeauty.com/dw/image/v2/BCSM_PRD/on/demandware.static/-/Sites-SBS-SallyBeautySupply/default/dw3c3892b9/images/large/SBS-005973-4.jpg?sw=750&sh=750&sfrm=png,https://www.sallybeauty.com/dw/image/v2/BCSM_PRD/on/demandware.static/-/Sites-SBS-SallyBeautySupply/default/dw3c3892b9/images/large/SBS-005973-4.png?sw=650&sh=650 | https://www.sallybeauty.com/dw/image/v2/BCSM_PRD/on/demandware.static/-/Sites-SBS-SallyBeautySupply/default/dw79dcedb2/images/large/SBS-005973-3.jpg?sw=750&sh=750&sfrm=png | https://www.sallybeauty.com/dw/image/v2/BCSM_PRD/on/demandware.static/-/Sites-SBS-SallyBeautySupply/default/dw79dcedb2/images/large/SBS-005973-3.png?sw=650&sh=650 | https://www.sallybeauty.com/dw/image/v2/BCSM_PRD/on/demandware.static/-/Sites-SBS-SallyBeautySupply/default/dwcaed0380/images/large/SBS-005973-2.jpg?sw=750&sh=750&sfrm=png,Requires shipping: Yes; Ship-to-home eligible: Yes; Hazmat restriction: No; carrier-calculated shipping at checkout.,https://www.sallybeauty.com/hair-color/shop-by-type/semi-permanent-hair-color/semi-permanent-hair-color-paradox/SBS-005973.html
SBS-009577,B44W Intense Red Semi Permanent Moisturizing Hair Color,Clairol Professional Beautiful Collection,Shop by Type / Semi-Permanent Hair Color,11.49,286,https://www.sallybeauty.com/dw/image/v2/BCSM_PRD/on/demandware.static/-/Sites-SBS-SallyBeautySupply/default/dw26d14176/images/large/SBS-009577-5.jpg?sw=750&sh=750&sfrm=png,https://www.sallybeauty.com/dw/image/v2/BCSM_PRD/on/demandware.static/-/Sites-SBS-SallyBeautySupply/default/dw26d14176/images/large/SBS-009577-5.png?sw=650&sh=650 | https://www.sallybeauty.com/dw/image/v2/BCSM_PRD/on/demandware.static/-/Sites-SBS-SallyBeautySupply/default/dw3df6dd40/images/large/SBS-009577.jpg?sw=750&sh=750&sfrm=png | https://www.sallybeauty.com/dw/image/v2/BCSM_PRD/on/demandware.static/-/Sites-SBS-SallyBeautySupply/default/dw3df6dd40/images/large/SBS-009577.png?sw=650&sh=650 | https://www.sallybeauty.com/dw/image/v2/BCSM_PRD/on/demandware.static/-/Sites-SBS-SallyBeautySupply/default/dw5101b377/images/large/SBS-009577-2.jpg?sw=750&sh=750&sfrm=png,Requires shipping: Yes; Ship-to-home eligible: Yes; Hazmat restriction: No; carrier-calculated shipping at checkout.,https://www.sallybeauty.com/hair-color/shop-by-type/semi-permanent-hair-color/b44w-intense-red-semi-permanent-moisturizing-hair-color/SBS-009577.html
SBS-007835,Red Direct Vibes Semi Permanent Hair Color,Color Lux Direct Vibes,Shop by Type / Semi-Permanent Hair Color,16.49,414,https://www.sallybeauty.com/dw/image/v2/BCSM_PRD/on/demandware.static/-/Sites-SBS-SallyBeautySupply/default/dw83565623/images/large/SBS-007835-1.jpg?sw=750&sh=750&sfrm=png,https://www.sallybeauty.com/dw/image/v2/BCSM_PRD/on/demandware.static/-/Sites-SBS-SallyBeautySupply/default/dw83565623/images/large/SBS-007835-1.png?sw=650&sh=650 | https://www.sallybeauty.com/dw/image/v2/BCSM_PRD/on/demandware.static/-/Sites-SBS-SallyBeautySupply/default/dwbf8fcf36/images/large/SBS-007835.jpg?sw=750&sh=750&sfrm=png | https://www.sallybeauty.com/dw/image/v2/BCSM_PRD/on/demandware.static/-/Sites-SBS-SallyBeautySupply/default/dwbf8fcf36/images/large/SBS-007835.png?sw=650&sh=650,Requires shipping: Yes; Ship-to-home eligible: Yes; Hazmat restriction: No; carrier-calculated shipping at checkout.,https://www.sallybeauty.com/hair-color/shop-by-type/semi-permanent-hair-color/red-direct-vibes-semi-permanent-hair-color/SBS-007835.html
SBS-005972,Semi-Permanent Hair Color Muse,Suavecito Suavecita,Shop by Type / Semi-Permanent Hair Color,8.79,2,https://www.sallybeauty.com/dw/image/v2/BCSM_PRD/on/demandware.static/-/Sites-SBS-SallyBeautySupply/default/dw4d7d68b0/images/large/SBS-005972.jpg?sw=750&sh=750&sfrm=png,https://www.sallybeauty.com/dw/image/v2/BCSM_PRD/on/demandware.static/-/Sites-SBS-SallyBeautySupply/default/dw4d7d68b0/images/large/SBS-005972.png?sw=650&sh=650 | https://www.sallybeauty.com/dw/image/v2/BCSM_PRD/on/demandware.static/-/Sites-SBS-SallyBeautySupply/default/dwd119985f/images/large/SBS-005972-4.jpg?sw=750&sh=750&sfrm=png | https://www.sallybeauty.com/dw/image/v2/BCSM_PRD/on/demandware.static/-/Sites-SBS-SallyBeautySupply/default/dwd119985f/images/large/SBS-005972-4.png?sw=650&sh=650 | https://www.sallybeauty.com/dw/image/v2/BCSM_PRD/on/demandware.static/-/Sites-SBS-SallyBeautySupply/default/dwe89475b6/images/large/SBS-005972-3.jpg?sw=750&sh=750&sfrm=png,Requires shipping: Yes; Ship-to-home eligible: Yes; Hazmat restriction: No; carrier-calculated shipping at checkout.,https://www.sallybeauty.com/hair-color/shop-by-type/semi-permanent-hair-color/semi-permanent-hair-color-muse/SBS-005972.html
SBS-025051,Semi-Permanent Brights Hair Color Titanium,ion,Shop by Type / Semi-Permanent Hair Color,11.49,500,https://www.sallybeauty.com/dw/image/v2/BCSM_PRD/on/demandware.static/-/Sites-SBS-SallyBeautySupply/default/dw2d46134f/images/large/SBS-025051-5.jpg?sw=750&sh=750&sfrm=png,https://www.sallybeauty.com/dw/image/v2/BCSM_PRD/on/demandware.static/-/Sites-SBS-SallyBeautySupply/default/dw2d46134f/images/large/SBS-025051-5.png?sw=650&sh=650 | https://www.sallybeauty.com/dw/image/v2/BCSM_PRD/on/demandware.static/-/Sites-SBS-SallyBeautySupply/default/dw3f658c5c/images/large/SBS-025051-3.jpg?sw=750&sh=750&sfrm=png | https://www.sallybeauty.com/dw/image/v2/BCSM_PRD/on/demandware.static/-/Sites-SBS-SallyBeautySupply/default/dw3f658c5c/images/large/SBS-025051-3.png?sw=650&sh=650 | https://www.sallybeauty.com/dw/image/v2/BCSM_PRD/on/demandware.static/-/Sites-SBS-SallyBeautySupply/default/dw556209fc/images/large/SBS-025051-1.jpg?sw=750&sh=750&sfrm=png,Requires shipping: Yes; Ship-to-home eligible: Yes; Hazmat restriction: No; carrier-calculated shipping at checkout.,https://www.sallybeauty.com/hair-color/shop-by-type/semi-permanent-hair-color/semi-permanent-brights-hair-color-titanium/SBS-025051.html
SBS-124600,20 Volume Gentle Creme Developer 4 Oz,AGEbeautiful,Other Products and Applications / Developer,5.79,500,https://www.sallybeauty.com/dw/image/v2/BCSM_PRD/on/demandware.static/-/Sites-SBS-SallyBeautySupply/default/dwec20ef0f/images/large/SBS-124600-1.jpg?sw=750&sh=750&sfrm=png,https://www.sallybeauty.com/dw/image/v2/BCSM_PRD/on/demandware.static/-/Sites-SBS-SallyBeautySupply/default/dwec20ef0f/images/large/SBS-124600-1.png?sw=650&sh=650 | https://www.sallybeauty.com/dw/image/v2/BCSM_PRD/on/demandware.static/-/Sites-SBS-SallyBeautySupply/default/dwfe69815b/images/large/SBS-124600.jpg?sw=750&sh=750&sfrm=png | https://www.sallybeauty.com/dw/image/v2/BCSM_PRD/on/demandware.static/-/Sites-SBS-SallyBeautySupply/default/dwfe69815b/images/large/SBS-124600.png?sw=650&sh=650,Requires shipping: Yes; Ship-to-home eligible: Yes; Hazmat restriction: No; carrier-calculated shipping at checkout.,https://www.sallybeauty.com/hair-color/other-products-and-applications/developer/20-volume-gentle-creme-developer-4-oz/SBS-124600.html
