SKU,Title,Description,Price,Inventory quantity,Product image URL,Status,Tags
SET9-VRS-001-232011,Versace Eros Eau de Toilette - Travel Spray 10ml,"Versace Eros Eau de Toilette - Travel Spray 10ml by Versace is built for year-round wear with a fresh aromatic woody profile. Fragrance notes: green apple, lemon, mint, tonka bean, cedar. This listing is optimized for third-party resellers: high-search designer profile, gift-friendly packaging, and repeat-order demand. Supplier links: FragranceNet | FragranceX | Perfume.com",31.36,16,https://cdn.fragrancenet.com/images/photos/900x900/232011.jpg,active,"cologne,men,versace,set9,year-round,fresh-aromatic-woody,stocksync-add-safe,ultrasafe"
SET9-VRS-002-232011,Versace Eros Eau de Toilette - Eau de Toilette / Parfum 50ml,"Versace Eros Eau de Toilette - Eau de Toilette / Parfum 50ml by Versace is built for year-round wear with a fresh aromatic woody profile. Fragrance notes: green apple, lemon, mint, tonka bean, cedar. This listing is optimized for third-party resellers: high-search designer profile, gift-friendly packaging, and repeat-order demand. Supplier links: FragranceNet | FragranceX | Perfume.com",84.00,22,https://cdn.fragrancenet.com/images/photos/900x900/232011.jpg,active,"cologne,men,versace,set9,year-round,fresh-aromatic-woody,stocksync-add-safe,ultrasafe"
SET9-VRS-003-232011,Versace Eros Eau de Toilette - Eau de Toilette / Parfum 100ml,"Versace Eros Eau de Toilette - Eau de Toilette / Parfum 100ml by Versace is built for year-round wear with a fresh aromatic woody profile. Fragrance notes: green apple, lemon, mint, tonka bean, cedar. This listing is optimized for third-party resellers: high-search designer profile, gift-friendly packaging, and repeat-order demand. Supplier links: FragranceNet | FragranceX | Perfume.com",112.00,30,https://cdn.fragrancenet.com/images/photos/900x900/232011.jpg,active,"cologne,men,versace,set9,year-round,fresh-aromatic-woody,stocksync-add-safe,ultrasafe"
SET9-VRS-004-232011,Versace Eros Eau de Toilette - Large Bottle 150ml,"Versace Eros Eau de Toilette - Large Bottle 150ml by Versace is built for year-round wear with a fresh aromatic woody profile. Fragrance notes: green apple, lemon, mint, tonka bean, cedar. This listing is optimized for third-party resellers: high-search designer profile, gift-friendly packaging, and repeat-order demand. Supplier links: FragranceNet | FragranceX | Perfume.com",140.00,18,https://cdn.fragrancenet.com/images/photos/900x900/232011.jpg,active,"cologne,men,versace,set9,year-round,fresh-aromatic-woody,stocksync-add-safe,ultrasafe"
SET9-VRS-005-232011,Versace Eros Eau de Toilette - Gift Set,"Versace Eros Eau de Toilette - Gift Set by Versace is built for year-round wear with a fresh aromatic woody profile. Fragrance notes: green apple, lemon, mint, tonka bean, cedar. This listing is optimized for third-party resellers: high-search designer profile, gift-friendly packaging, and repeat-order demand. Supplier links: FragranceNet | FragranceX | Perfume.com",132.16,14,https://cdn.fragrancenet.com/images/photos/900x900/232011.jpg,active,"cologne,men,versace,set9,year-round,fresh-aromatic-woody,stocksync-add-safe,ultrasafe"
SET9-VRS-006-372595,Versace Eros Eau de Parfum - Travel Spray 10ml,"Versace Eros Eau de Parfum - Travel Spray 10ml by Versace is built for year-round wear with a warm aromatic vanilla profile. Fragrance notes: mint, lemon, tonka bean, vetiver, vanilla. This listing is optimized for third-party resellers: high-search designer profile, gift-friendly packaging, and repeat-order demand. Supplier links: FragranceNet | FragranceX | Perfume.com",33.04,16,https://cdn.fragrancenet.com/images/photos/900x900/372595.jpg,active,"cologne,men,versace,set9,year-round,warm-aromatic-vanilla,stocksync-add-safe,ultrasafe"
SET9-VRS-007-372595,Versace Eros Eau de Parfum - Eau de Toilette / Parfum 50ml,"Versace Eros Eau de Parfum - Eau de Toilette / Parfum 50ml by Versace is built for year-round wear with a warm aromatic vanilla profile. Fragrance notes: mint, lemon, tonka bean, vetiver, vanilla. This listing is optimized for third-party resellers: high-search designer profile, gift-friendly packaging, and repeat-order demand. Supplier links: FragranceNet | FragranceX | Perfume.com",88.50,22,https://cdn.fragrancenet.com/images/photos/900x900/372595.jpg,active,"cologne,men,versace,set9,year-round,warm-aromatic-vanilla,stocksync-add-safe,ultrasafe"
SET9-VRS-008-372595,Versace Eros Eau de Parfum - Eau de Toilette / Parfum 100ml,"Versace Eros Eau de Parfum - Eau de Toilette / Parfum 100ml by Versace is built for year-round wear with a warm aromatic vanilla profile. Fragrance notes: mint, lemon, tonka bean, vetiver, vanilla. This listing is optimized for third-party resellers: high-search designer profile, gift-friendly packaging, and repeat-order demand. Supplier links: FragranceNet | FragranceX | Perfume.com",118.00,30,https://cdn.fragrancenet.com/images/photos/900x900/372595.jpg,active,"cologne,men,versace,set9,year-round,warm-aromatic-vanilla,stocksync-add-safe,ultrasafe"
SET9-VRS-009-372595,Versace Eros Eau de Parfum - Large Bottle 150ml,"Versace Eros Eau de Parfum - Large Bottle 150ml by Versace is built for year-round wear with a warm aromatic vanilla profile. Fragrance notes: mint, lemon, tonka bean, vetiver, vanilla. This listing is optimized for third-party resellers: high-search designer profile, gift-friendly packaging, and repeat-order demand. Supplier links: FragranceNet | FragranceX | Perfume.com",147.50,18,https://cdn.fragrancenet.com/images/photos/900x900/372595.jpg,active,"cologne,men,versace,set9,year-round,warm-aromatic-vanilla,stocksync-add-safe,ultrasafe"
SET9-VRS-010-372595,Versace Eros Eau de Parfum - Gift Set,"Versace Eros Eau de Parfum - Gift Set by Versace is built for year-round wear with a warm aromatic vanilla profile. Fragrance notes: mint, lemon, tonka bean, vetiver, vanilla. This listing is optimized for third-party resellers: high-search designer profile, gift-friendly packaging, and repeat-order demand. Supplier links: FragranceNet | FragranceX | Perfume.com",139.24,14,https://cdn.fragrancenet.com/images/photos/900x900/372595.jpg,active,"cologne,men,versace,set9,year-round,warm-aromatic-vanilla,stocksync-add-safe,ultrasafe"
SET9-VRS-011-332213,Versace Eros Flame Eau de Parfum - Travel Spray 10ml,"Versace Eros Flame Eau de Parfum - Travel Spray 10ml by Versace is built for winter wear with a spicy amber woody profile. Fragrance notes: mandarin, black pepper, rosemary, tonka bean, sandalwood. This listing is optimized for third-party resellers: high-search designer profile, gift-friendly packaging, and repeat-order demand. Supplier links: FragranceNet | FragranceX | Perfume.com",30.24,16,https://cdn.fragrancenet.com/images/photos/900x900/332213.jpg,active,"cologne,men,versace,set9,winter,spicy-amber-woody,stocksync-add-safe,ultrasafe"
SET9-VRS-012-332213,Versace Eros Flame Eau de Parfum - Eau de Toilette / Parfum 50ml,"Versace Eros Flame Eau de Parfum - Eau de Toilette / Parfum 50ml by Versace is built for winter wear with a spicy amber woody profile. Fragrance notes: mandarin, black pepper, rosemary, tonka bean, sandalwood. This listing is optimized for third-party resellers: high-search designer profile, gift-friendly packaging, and repeat-order demand. Supplier links: FragranceNet | FragranceX | Perfume.com",81.00,22,https://cdn.fragrancenet.com/images/photos/900x900/332213.jpg,active,"cologne,men,versace,set9,winter,spicy-amber-woody,stocksync-add-safe,ultrasafe"
SET9-VRS-013-332213,Versace Eros Flame Eau de Parfum - Eau de Toilette / Parfum 100ml,"Versace Eros Flame Eau de Parfum - Eau de Toilette / Parfum 100ml by Versace is built for winter wear with a spicy amber woody profile. Fragrance notes: mandarin, black pepper, rosemary, tonka bean, sandalwood. This listing is optimized for third-party resellers: high-search designer profile, gift-friendly packaging, and repeat-order demand. Supplier links: FragranceNet | FragranceX | Perfume.com",108.00,30,https://cdn.fragrancenet.com/images/photos/900x900/332213.jpg,active,"cologne,men,versace,set9,winter,spicy-amber-woody,stocksync-add-safe,ultrasafe"
SET9-VRS-014-332213,Versace Eros Flame Eau de Parfum - Large Bottle 150ml,"Versace Eros Flame Eau de Parfum - Large Bottle 150ml by Versace is built for winter wear with a spicy amber woody profile. Fragrance notes: mandarin, black pepper, rosemary, tonka bean, sandalwood. This listing is optimized for third-party resellers: high-search designer profile, gift-friendly packaging, and repeat-order demand. Supplier links: FragranceNet | FragranceX | Perfume.com",135.00,18,https://cdn.fragrancenet.com/images/photos/900x900/332213.jpg,active,"cologne,men,versace,set9,winter,spicy-amber-woody,stocksync-add-safe,ultrasafe"
SET9-VRS-015-332213,Versace Eros Flame Eau de Parfum - Gift Set,"Versace Eros Flame Eau de Parfum - Gift Set by Versace is built for winter wear with a spicy amber woody profile. Fragrance notes: mandarin, black pepper, rosemary, tonka bean, sandalwood. This listing is optimized for third-party resellers: high-search designer profile, gift-friendly packaging, and repeat-order demand. Supplier links: FragranceNet | FragranceX | Perfume.com",127.44,14,https://cdn.fragrancenet.com/images/photos/900x900/332213.jpg,active,"cologne,men,versace,set9,winter,spicy-amber-woody,stocksync-add-safe,ultrasafe"
SET9-VRS-016-421287,Versace Eros Parfum - Travel Spray 10ml,"Versace Eros Parfum - Travel Spray 10ml by Versace is built for winter wear with a rich sweet woody profile. Fragrance notes: apple, mint, geranium, cedar, vanilla. This listing is optimized for third-party resellers: high-search designer profile, gift-friendly packaging, and repeat-order demand. Supplier links: FragranceNet | FragranceX | Perfume.com",35.00,16,https://cdn.fragrancenet.com/images/photos/900x900/421287.jpg,active,"cologne,men,versace,set9,winter,rich-sweet-woody,stocksync-add-safe,ultrasafe"
SET9-VRS-017-421287,Versace Eros Parfum - Eau de Toilette / Parfum 50ml,"Versace Eros Parfum - Eau de Toilette / Parfum 50ml by Versace is built for winter wear with a rich sweet woody profile. Fragrance notes: apple, mint, geranium, cedar, vanilla. This listing is optimized for third-party resellers: high-search designer profile, gift-friendly packaging, and repeat-order demand. Supplier links: FragranceNet | FragranceX | Perfume.com",93.75,22,https://cdn.fragrancenet.com/images/photos/900x900/421287.jpg,active,"cologne,men,versace,set9,winter,rich-sweet-woody,stocksync-add-safe,ultrasafe"
SET9-VRS-018-421287,Versace Eros Parfum - Eau de Toilette / Parfum 100ml,"Versace Eros Parfum - Eau de Toilette / Parfum 100ml by Versace is built for winter wear with a rich sweet woody profile. Fragrance notes: apple, mint, geranium, cedar, vanilla. This listing is optimized for third-party resellers: high-search designer profile, gift-friendly packaging, and repeat-order demand. Supplier links: FragranceNet | FragranceX | Perfume.com",125.00,30,https://cdn.fragrancenet.com/images/photos/900x900/421287.jpg,active,"cologne,men,versace,set9,winter,rich-sweet-woody,stocksync-add-safe,ultrasafe"
SET9-VRS-019-421287,Versace Eros Parfum - Large Bottle 150ml,"Versace Eros Parfum - Large Bottle 150ml by Versace is built for winter wear with a rich sweet woody profile. Fragrance notes: apple, mint, geranium, cedar, vanilla. This listing is optimized for third-party resellers: high-search designer profile, gift-friendly packaging, and repeat-order demand. Supplier links: FragranceNet | FragranceX | Perfume.com",156.25,18,https://cdn.fragrancenet.com/images/photos/900x900/421287.jpg,active,"cologne,men,versace,set9,winter,rich-sweet-woody,stocksync-add-safe,ultrasafe"
SET9-VRS-020-421287,Versace Eros Parfum - Gift Set,"Versace Eros Parfum - Gift Set by Versace is built for winter wear with a rich sweet woody profile. Fragrance notes: apple, mint, geranium, cedar, vanilla. This listing is optimized for third-party resellers: high-search designer profile, gift-friendly packaging, and repeat-order demand. Supplier links: FragranceNet | FragranceX | Perfume.com",147.50,14,https://cdn.fragrancenet.com/images/photos/900x900/421287.jpg,active,"cologne,men,versace,set9,winter,rich-sweet-woody,stocksync-add-safe,ultrasafe"
SET9-VRS-021-485448,Versace Eros Energy Eau de Parfum - Travel Spray 10ml,"Versace Eros Energy Eau de Parfum - Travel Spray 10ml by Versace is built for summer wear with a citrus aromatic bright profile. Fragrance notes: sicilian bergamot, black currant, pink pepper, oakmoss. This listing is optimized for third-party resellers: high-search designer profile, gift-friendly packaging, and repeat-order demand. Supplier links: FragranceNet | FragranceX | Perfume.com",37.80,16,https://cdn.fragrancenet.com/images/photos/900x900/485448.jpg,active,"cologne,men,versace,set9,summer,citrus-aromatic-bright,stocksync-add-safe,ultrasafe"
SET9-VRS-022-485448,Versace Eros Energy Eau de Parfum - Eau de Toilette / Parfum 50ml,"Versace Eros Energy Eau de Parfum - Eau de Toilette / Parfum 50ml by Versace is built for summer wear with a citrus aromatic bright profile. Fragrance notes: sicilian bergamot, black currant, pink pepper, oakmoss. This listing is optimized for third-party resellers: high-search designer profile, gift-friendly packaging, and repeat-order demand. Supplier links: FragranceNet | FragranceX | Perfume.com",101.25,22,https://cdn.fragrancenet.com/images/photos/900x900/485448.jpg,active,"cologne,men,versace,set9,summer,citrus-aromatic-bright,stocksync-add-safe,ultrasafe"
SET9-VRS-023-485448,Versace Eros Energy Eau de Parfum - Eau de Toilette / Parfum 100ml,"Versace Eros Energy Eau de Parfum - Eau de Toilette / Parfum 100ml by Versace is built for summer wear with a citrus aromatic bright profile. Fragrance notes: sicilian bergamot, black currant, pink pepper, oakmoss. This listing is optimized for third-party resellers: high-search designer profile, gift-friendly packaging, and repeat-order demand. Supplier links: FragranceNet | FragranceX | Perfume.com",135.00,30,https://cdn.fragrancenet.com/images/photos/900x900/485448.jpg,active,"cologne,men,versace,set9,summer,citrus-aromatic-bright,stocksync-add-safe,ultrasafe"
SET9-VRS-024-485448,Versace Eros Energy Eau de Parfum - Large Bottle 150ml,"Versace Eros Energy Eau de Parfum - Large Bottle 150ml by Versace is built for summer wear with a citrus aromatic bright profile. Fragrance notes: sicilian bergamot, black currant, pink pepper, oakmoss. This listing is optimized for third-party resellers: high-search designer profile, gift-friendly packaging, and repeat-order demand. Supplier links: FragranceNet | FragranceX | Perfume.com",168.75,18,https://cdn.fragrancenet.com/images/photos/900x900/485448.jpg,active,"cologne,men,versace,set9,summer,citrus-aromatic-bright,stocksync-add-safe,ultrasafe"
SET9-VRS-025-485448,Versace Eros Energy Eau de Parfum - Gift Set,"Versace Eros Energy Eau de Parfum - Gift Set by Versace is built for summer wear with a citrus aromatic bright profile. Fragrance notes: sicilian bergamot, black currant, pink pepper, oakmoss. This listing is optimized for third-party resellers: high-search designer profile, gift-friendly packaging, and repeat-order demand. Supplier links: FragranceNet | FragranceX | Perfume.com",159.30,14,https://cdn.fragrancenet.com/images/photos/900x900/485448.jpg,active,"cologne,men,versace,set9,summer,citrus-aromatic-bright,stocksync-add-safe,ultrasafe"
SET9-VRS-026-291563,Versace Dylan Blue Eau de Toilette - Travel Spray 10ml,"Versace Dylan Blue Eau de Toilette - Travel Spray 10ml by Versace is built for year-round wear with a marine aromatic woody profile. Fragrance notes: bergamot, grapefruit, fig leaf, violet leaf, musk. This listing is optimized for third-party resellers: high-search designer profile, gift-friendly packaging, and repeat-order demand. Supplier links: FragranceNet | FragranceX | Perfume.com",26.60,16,https://cdn.fragrancenet.com/images/photos/900x900/291563.jpg,active,"cologne,men,versace,set9,year-round,marine-aromatic-woody,stocksync-add-safe,ultrasafe"
SET9-VRS-027-291563,Versace Dylan Blue Eau de Toilette - Eau de Toilette / Parfum 50ml,"Versace Dylan Blue Eau de Toilette - Eau de Toilette / Parfum 50ml by Versace is built for year-round wear with a marine aromatic woody profile. Fragrance notes: bergamot, grapefruit, fig leaf, violet leaf, musk. This listing is optimized for third-party resellers: high-search designer profile, gift-friendly packaging, and repeat-order demand. Supplier links: FragranceNet | FragranceX | Perfume.com",71.25,22,https://cdn.fragrancenet.com/images/photos/900x900/291563.jpg,active,"cologne,men,versace,set9,year-round,marine-aromatic-woody,stocksync-add-safe,ultrasafe"
SET9-VRS-028-291563,Versace Dylan Blue Eau de Toilette - Eau de Toilette / Parfum 100ml,"Versace Dylan Blue Eau de Toilette - Eau de Toilette / Parfum 100ml by Versace is built for year-round wear with a marine aromatic woody profile. Fragrance notes: bergamot, grapefruit, fig leaf, violet leaf, musk. This listing is optimized for third-party resellers: high-search designer profile, gift-friendly packaging, and repeat-order demand. Supplier links: FragranceNet | FragranceX | Perfume.com",95.00,30,https://cdn.fragrancenet.com/images/photos/900x900/291563.jpg,active,"cologne,men,versace,set9,year-round,marine-aromatic-woody,stocksync-add-safe,ultrasafe"
SET9-VRS-029-291563,Versace Dylan Blue Eau de Toilette - Large Bottle 150ml,"Versace Dylan Blue Eau de Toilette - Large Bottle 150ml by Versace is built for year-round wear with a marine aromatic woody profile. Fragrance notes: bergamot, grapefruit, fig leaf, violet leaf, musk. This listing is optimized for third-party resellers: high-search designer profile, gift-friendly packaging, and repeat-order demand. Supplier links: FragranceNet | FragranceX | Perfume.com",118.75,18,https://cdn.fragrancenet.com/images/photos/900x900/291563.jpg,active,"cologne,men,versace,set9,year-round,marine-aromatic-woody,stocksync-add-safe,ultrasafe"
SET9-VRS-030-291563,Versace Dylan Blue Eau de Toilette - Gift Set,"Versace Dylan Blue Eau de Toilette - Gift Set by Versace is built for year-round wear with a marine aromatic woody profile. Fragrance notes: bergamot, grapefruit, fig leaf, violet leaf, musk. This listing is optimized for third-party resellers: high-search designer profile, gift-friendly packaging, and repeat-order demand. Supplier links: FragranceNet | FragranceX | Perfume.com",112.10,14,https://cdn.fragrancenet.com/images/photos/900x900/291563.jpg,active,"cologne,men,versace,set9,year-round,marine-aromatic-woody,stocksync-add-safe,ultrasafe"
SET9-VRS-031-159890,Versace Pour Homme Eau de Toilette - Travel Spray 10ml,"Versace Pour Homme Eau de Toilette - Travel Spray 10ml by Versace is built for summer wear with a clean citrus aromatic profile. Fragrance notes: lemon, bergamot, neroli, clary sage, musk. This listing is optimized for third-party resellers: high-search designer profile, gift-friendly packaging, and repeat-order demand. Supplier links: FragranceNet | FragranceX | Perfume.com",22.68,16,https://cdn.fragrancenet.com/images/photos/900x900/159890.jpg,active,"cologne,men,versace,set9,summer,clean-citrus-aromatic,stocksync-add-safe,ultrasafe"
SET9-VRS-032-159890,Versace Pour Homme Eau de Toilette - Eau de Toilette / Parfum 50ml,"Versace Pour Homme Eau de Toilette - Eau de Toilette / Parfum 50ml by Versace is built for summer wear with a clean citrus aromatic profile. Fragrance notes: lemon, bergamot, neroli, clary sage, musk. This listing is optimized for third-party resellers: high-search designer profile, gift-friendly packaging, and repeat-order demand. Supplier links: FragranceNet | FragranceX | Perfume.com",60.75,22,https://cdn.fragrancenet.com/images/photos/900x900/159890.jpg,active,"cologne,men,versace,set9,summer,clean-citrus-aromatic,stocksync-add-safe,ultrasafe"
SET9-VRS-033-159890,Versace Pour Homme Eau de Toilette - Eau de Toilette / Parfum 100ml,"Versace Pour Homme Eau de Toilette - Eau de Toilette / Parfum 100ml by Versace is built for summer wear with a clean citrus aromatic profile. Fragrance notes: lemon, bergamot, neroli, clary sage, musk. This listing is optimized for third-party resellers: high-search designer profile, gift-friendly packaging, and repeat-order demand. Supplier links: FragranceNet | FragranceX | Perfume.com",81.00,30,https://cdn.fragrancenet.com/images/photos/900x900/159890.jpg,active,"cologne,men,versace,set9,summer,clean-citrus-aromatic,stocksync-add-safe,ultrasafe"
SET9-VRS-034-159890,Versace Pour Homme Eau de Toilette - Large Bottle 150ml,"Versace Pour Homme Eau de Toilette - Large Bottle 150ml by Versace is built for summer wear with a clean citrus aromatic profile. Fragrance notes: lemon, bergamot, neroli, clary sage, musk. This listing is optimized for third-party resellers: high-search designer profile, gift-friendly packaging, and repeat-order demand. Supplier links: FragranceNet | FragranceX | Perfume.com",101.25,18,https://cdn.fragrancenet.com/images/photos/900x900/159890.jpg,active,"cologne,men,versace,set9,summer,clean-citrus-aromatic,stocksync-add-safe,ultrasafe"
SET9-VRS-035-159890,Versace Pour Homme Eau de Toilette - Gift Set,"Versace Pour Homme Eau de Toilette - Gift Set by Versace is built for summer wear with a clean citrus aromatic profile. Fragrance notes: lemon, bergamot, neroli, clary sage, musk. This listing is optimized for third-party resellers: high-search designer profile, gift-friendly packaging, and repeat-order demand. Supplier links: FragranceNet | FragranceX | Perfume.com",95.58,14,https://cdn.fragrancenet.com/images/photos/900x900/159890.jpg,active,"cologne,men,versace,set9,summer,clean-citrus-aromatic,stocksync-add-safe,ultrasafe"
SET9-VRS-036-157245,Versace Man Eau Fraiche Eau de Toilette - Travel Spray 10ml,"Versace Man Eau Fraiche Eau de Toilette - Travel Spray 10ml by Versace is built for summer wear with a aquatic fresh citrus profile. Fragrance notes: bergamot, cardamom, brazilian rosewood, cedar, musk. This listing is optimized for third-party resellers: high-search designer profile, gift-friendly packaging, and repeat-order demand. Supplier links: FragranceNet | FragranceX | Perfume.com",26.88,16,https://cdn.fragrancenet.com/images/photos/900x900/157245.jpg,active,"cologne,men,versace,set9,summer,aquatic-fresh-citrus,stocksync-add-safe,ultrasafe"
SET9-VRS-037-157245,Versace Man Eau Fraiche Eau de Toilette - Eau de Toilette / Parfum 50ml,"Versace Man Eau Fraiche Eau de Toilette - Eau de Toilette / Parfum 50ml by Versace is built for summer wear with a aquatic fresh citrus profile. Fragrance notes: bergamot, cardamom, brazilian rosewood, cedar, musk. This listing is optimized for third-party resellers: high-search designer profile, gift-friendly packaging, and repeat-order demand. Supplier links: FragranceNet | FragranceX | Perfume.com",72.00,22,https://cdn.fragrancenet.com/images/photos/900x900/157245.jpg,active,"cologne,men,versace,set9,summer,aquatic-fresh-citrus,stocksync-add-safe,ultrasafe"
SET9-VRS-038-157245,Versace Man Eau Fraiche Eau de Toilette - Eau de Toilette / Parfum 100ml,"Versace Man Eau Fraiche Eau de Toilette - Eau de Toilette / Parfum 100ml by Versace is built for summer wear with a aquatic fresh citrus profile. Fragrance notes: bergamot, cardamom, brazilian rosewood, cedar, musk. This listing is optimized for third-party resellers: high-search designer profile, gift-friendly packaging, and repeat-order demand. Supplier links: FragranceNet | FragranceX | Perfume.com",96.00,30,https://cdn.fragrancenet.com/images/photos/900x900/157245.jpg,active,"cologne,men,versace,set9,summer,aquatic-fresh-citrus,stocksync-add-safe,ultrasafe"
SET9-VRS-039-157245,Versace Man Eau Fraiche Eau de Toilette - Large Bottle 150ml,"Versace Man Eau Fraiche Eau de Toilette - Large Bottle 150ml by Versace is built for summer wear with a aquatic fresh citrus profile. Fragrance notes: bergamot, cardamom, brazilian rosewood, cedar, musk. This listing is optimized for third-party resellers: high-search designer profile, gift-friendly packaging, and repeat-order demand. Supplier links: FragranceNet | FragranceX | Perfume.com",120.00,18,https://cdn.fragrancenet.com/images/photos/900x900/157245.jpg,active,"cologne,men,versace,set9,summer,aquatic-fresh-citrus,stocksync-add-safe,ultrasafe"
SET9-VRS-040-157245,Versace Man Eau Fraiche Eau de Toilette - Gift Set,"Versace Man Eau Fraiche Eau de Toilette - Gift Set by Versace is built for summer wear with a aquatic fresh citrus profile. Fragrance notes: bergamot, cardamom, brazilian rosewood, cedar, musk. This listing is optimized for third-party resellers: high-search designer profile, gift-friendly packaging, and repeat-order demand. Supplier links: FragranceNet | FragranceX | Perfume.com",113.28,14,https://cdn.fragrancenet.com/images/photos/900x900/157245.jpg,active,"cologne,men,versace,set9,summer,aquatic-fresh-citrus,stocksync-add-safe,ultrasafe"
SET9-VRS-041-237817,Versace Oud Noir Eau de Parfum - Travel Spray 10ml,"Versace Oud Noir Eau de Parfum - Travel Spray 10ml by Versace is built for winter wear with a dark oud oriental profile. Fragrance notes: agarwood, spices, leather, oriental woods. This listing is optimized for third-party resellers: high-search designer profile, gift-friendly packaging, and repeat-order demand. Supplier links: FragranceNet | FragranceX | Perfume.com",33.60,16,https://cdn.fragrancenet.com/images/photos/900x900/237817.jpg,active,"cologne,men,versace,set9,winter,dark-oud-oriental,stocksync-add-safe,ultrasafe"
SET9-VRS-042-237817,Versace Oud Noir Eau de Parfum - Eau de Toilette / Parfum 50ml,"Versace Oud Noir Eau de Parfum - Eau de Toilette / Parfum 50ml by Versace is built for winter wear with a dark oud oriental profile. Fragrance notes: agarwood, spices, leather, oriental woods. This listing is optimized for third-party resellers: high-search designer profile, gift-friendly packaging, and repeat-order demand. Supplier links: FragranceNet | FragranceX | Perfume.com",90.00,22,https://cdn.fragrancenet.com/images/photos/900x900/237817.jpg,active,"cologne,men,versace,set9,winter,dark-oud-oriental,stocksync-add-safe,ultrasafe"
SET9-VRS-043-237817,Versace Oud Noir Eau de Parfum - Eau de Toilette / Parfum 100ml,"Versace Oud Noir Eau de Parfum - Eau de Toilette / Parfum 100ml by Versace is built for winter wear with a dark oud oriental profile. Fragrance notes: agarwood, spices, leather, oriental woods. This listing is optimized for third-party resellers: high-search designer profile, gift-friendly packaging, and repeat-order demand. Supplier links: FragranceNet | FragranceX | Perfume.com",120.00,30,https://cdn.fragrancenet.com/images/photos/900x900/237817.jpg,active,"cologne,men,versace,set9,winter,dark-oud-oriental,stocksync-add-safe,ultrasafe"
SET9-VRS-044-237817,Versace Oud Noir Eau de Parfum - Large Bottle 150ml,"Versace Oud Noir Eau de Parfum - Large Bottle 150ml by Versace is built for winter wear with a dark oud oriental profile. Fragrance notes: agarwood, spices, leather, oriental woods. This listing is optimized for third-party resellers: high-search designer profile, gift-friendly packaging, and repeat-order demand. Supplier links: FragranceNet | FragranceX | Perfume.com",150.00,18,https://cdn.fragrancenet.com/images/photos/900x900/237817.jpg,active,"cologne,men,versace,set9,winter,dark-oud-oriental,stocksync-add-safe,ultrasafe"
SET9-VRS-045-237817,Versace Oud Noir Eau de Parfum - Gift Set,"Versace Oud Noir Eau de Parfum - Gift Set by Versace is built for winter wear with a dark oud oriental profile. Fragrance notes: agarwood, spices, leather, oriental woods. This listing is optimized for third-party resellers: high-search designer profile, gift-friendly packaging, and repeat-order demand. Supplier links: FragranceNet | FragranceX | Perfume.com",141.60,14,https://cdn.fragrancenet.com/images/photos/900x900/237817.jpg,active,"cologne,men,versace,set9,winter,dark-oud-oriental,stocksync-add-safe,ultrasafe"
SET9-VRS-046-174784,Versace L'Homme Eau de Toilette - Travel Spray 10ml,"Versace L'Homme Eau de Toilette - Travel Spray 10ml by Versace is built for year-round wear with a vintage spicy leather profile. Fragrance notes: lemon, basil, patchouli, oakmoss, leather. This listing is optimized for third-party resellers: high-search designer profile, gift-friendly packaging, and repeat-order demand. Supplier links: FragranceNet | FragranceX | Perfume.com",19.60,16,https://cdn.fragrancenet.com/images/photos/900x900/174784.jpg,active,"cologne,men,versace,set9,year-round,vintage-spicy-leather,stocksync-add-safe,ultrasafe"
SET9-VRS-047-174784,Versace L'Homme Eau de Toilette - Eau de Toilette / Parfum 50ml,"Versace L'Homme Eau de Toilette - Eau de Toilette / Parfum 50ml by Versace is built for year-round wear with a vintage spicy leather profile. Fragrance notes: lemon, basil, patchouli, oakmoss, leather. This listing is optimized for third-party resellers: high-search designer profile, gift-friendly packaging, and repeat-order demand. Supplier links: FragranceNet | FragranceX | Perfume.com",52.50,22,https://cdn.fragrancenet.com/images/photos/900x900/174784.jpg,active,"cologne,men,versace,set9,year-round,vintage-spicy-leather,stocksync-add-safe,ultrasafe"
SET9-VRS-048-174784,Versace L'Homme Eau de Toilette - Eau de Toilette / Parfum 100ml,"Versace L'Homme Eau de Toilette - Eau de Toilette / Parfum 100ml by Versace is built for year-round wear with a vintage spicy leather profile. Fragrance notes: lemon, basil, patchouli, oakmoss, leather. This listing is optimized for third-party resellers: high-search designer profile, gift-friendly packaging, and repeat-order demand. Supplier links: FragranceNet | FragranceX | Perfume.com",70.00,30,https://cdn.fragrancenet.com/images/photos/900x900/174784.jpg,active,"cologne,men,versace,set9,year-round,vintage-spicy-leather,stocksync-add-safe,ultrasafe"
SET9-VRS-049-174784,Versace L'Homme Eau de Toilette - Large Bottle 150ml,"Versace L'Homme Eau de Toilette - Large Bottle 150ml by Versace is built for year-round wear with a vintage spicy leather profile. Fragrance notes: lemon, basil, patchouli, oakmoss, leather. This listing is optimized for third-party resellers: high-search designer profile, gift-friendly packaging, and repeat-order demand. Supplier links: FragranceNet | FragranceX | Perfume.com",87.50,18,https://cdn.fragrancenet.com/images/photos/900x900/174784.jpg,active,"cologne,men,versace,set9,year-round,vintage-spicy-leather,stocksync-add-safe,ultrasafe"
SET9-VRS-050-174784,Versace L'Homme Eau de Toilette - Gift Set,"Versace L'Homme Eau de Toilette - Gift Set by Versace is built for year-round wear with a vintage spicy leather profile. Fragrance notes: lemon, basil, patchouli, oakmoss, leather. This listing is optimized for third-party resellers: high-search designer profile, gift-friendly packaging, and repeat-order demand. Supplier links: FragranceNet | FragranceX | Perfume.com",82.60,14,https://cdn.fragrancenet.com/images/photos/900x900/174784.jpg,active,"cologne,men,versace,set9,year-round,vintage-spicy-leather,stocksync-add-safe,ultrasafe"
SET9-VRS-051-118108,Versace Blue Jeans Eau de Toilette - Travel Spray 10ml,"Versace Blue Jeans Eau de Toilette - Travel Spray 10ml by Versace is built for summer wear with a citrus lavender casual profile. Fragrance notes: bergamot, lavender, rosewood, vanilla, sandalwood. This listing is optimized for third-party resellers: high-search designer profile, gift-friendly packaging, and repeat-order demand. Supplier links: FragranceNet | FragranceX | Perfume.com",15.96,16,https://cdn.fragrancenet.com/images/photos/900x900/118108.jpg,active,"cologne,men,versace,set9,summer,citrus-lavender-casual,stocksync-add-safe,ultrasafe"
SET9-VRS-052-118108,Versace Blue Jeans Eau de Toilette - Eau de Toilette / Parfum 50ml,"Versace Blue Jeans Eau de Toilette - Eau de Toilette / Parfum 50ml by Versace is built for summer wear with a citrus lavender casual profile. Fragrance notes: bergamot, lavender, rosewood, vanilla, sandalwood. This listing is optimized for third-party resellers: high-search designer profile, gift-friendly packaging, and repeat-order demand. Supplier links: FragranceNet | FragranceX | Perfume.com",42.75,22,https://cdn.fragrancenet.com/images/photos/900x900/118108.jpg,active,"cologne,men,versace,set9,summer,citrus-lavender-casual,stocksync-add-safe,ultrasafe"
SET9-VRS-053-118108,Versace Blue Jeans Eau de Toilette - Eau de Toilette / Parfum 100ml,"Versace Blue Jeans Eau de Toilette - Eau de Toilette / Parfum 100ml by Versace is built for summer wear with a citrus lavender casual profile. Fragrance notes: bergamot, lavender, rosewood, vanilla, sandalwood. This listing is optimized for third-party resellers: high-search designer profile, gift-friendly packaging, and repeat-order demand. Supplier links: FragranceNet | FragranceX | Perfume.com",57.00,30,https://cdn.fragrancenet.com/images/photos/900x900/118108.jpg,active,"cologne,men,versace,set9,summer,citrus-lavender-casual,stocksync-add-safe,ultrasafe"
SET9-VRS-054-118108,Versace Blue Jeans Eau de Toilette - Large Bottle 150ml,"Versace Blue Jeans Eau de Toilette - Large Bottle 150ml by Versace is built for summer wear with a citrus lavender casual profile. Fragrance notes: bergamot, lavender, rosewood, vanilla, sandalwood. This listing is optimized for third-party resellers: high-search designer profile, gift-friendly packaging, and repeat-order demand. Supplier links: FragranceNet | FragranceX | Perfume.com",71.25,18,https://cdn.fragrancenet.com/images/photos/900x900/118108.jpg,active,"cologne,men,versace,set9,summer,citrus-lavender-casual,stocksync-add-safe,ultrasafe"
SET9-VRS-055-118108,Versace Blue Jeans Eau de Toilette - Gift Set,"Versace Blue Jeans Eau de Toilette - Gift Set by Versace is built for summer wear with a citrus lavender casual profile. Fragrance notes: bergamot, lavender, rosewood, vanilla, sandalwood. This listing is optimized for third-party resellers: high-search designer profile, gift-friendly packaging, and repeat-order demand. Supplier links: FragranceNet | FragranceX | Perfume.com",67.26,14,https://cdn.fragrancenet.com/images/photos/900x900/118108.jpg,active,"cologne,men,versace,set9,summer,citrus-lavender-casual,stocksync-add-safe,ultrasafe"
SET9-VRS-056-122041,Versace Dreamer Eau de Toilette - Travel Spray 10ml,"Versace Dreamer Eau de Toilette - Travel Spray 10ml by Versace is built for year-round wear with a soft tobacco aromatic profile. Fragrance notes: mandarin, lavender, tobacco, cedar, tonka bean. This listing is optimized for third-party resellers: high-search designer profile, gift-friendly packaging, and repeat-order demand. Supplier links: FragranceNet | FragranceX | Perfume.com",15.96,16,https://cdn.fragrancenet.com/images/photos/900x900/122041.jpg,active,"cologne,men,versace,set9,year-round,soft-tobacco-aromatic,stocksync-add-safe,ultrasafe"
SET9-VRS-057-122041,Versace Dreamer Eau de Toilette - Eau de Toilette / Parfum 50ml,"Versace Dreamer Eau de Toilette - Eau de Toilette / Parfum 50ml by Versace is built for year-round wear with a soft tobacco aromatic profile. Fragrance notes: mandarin, lavender, tobacco, cedar, tonka bean. This listing is optimized for third-party resellers: high-search designer profile, gift-friendly packaging, and repeat-order demand. Supplier links: FragranceNet | FragranceX | Perfume.com",42.75,22,https://cdn.fragrancenet.com/images/photos/900x900/122041.jpg,active,"cologne,men,versace,set9,year-round,soft-tobacco-aromatic,stocksync-add-safe,ultrasafe"
SET9-VRS-058-122041,Versace Dreamer Eau de Toilette - Eau de Toilette / Parfum 100ml,"Versace Dreamer Eau de Toilette - Eau de Toilette / Parfum 100ml by Versace is built for year-round wear with a soft tobacco aromatic profile. Fragrance notes: mandarin, lavender, tobacco, cedar, tonka bean. This listing is optimized for third-party resellers: high-search designer profile, gift-friendly packaging, and repeat-order demand. Supplier links: FragranceNet | FragranceX | Perfume.com",57.00,30,https://cdn.fragrancenet.com/images/photos/900x900/122041.jpg,active,"cologne,men,versace,set9,year-round,soft-tobacco-aromatic,stocksync-add-safe,ultrasafe"
SET9-VRS-059-122041,Versace Dreamer Eau de Toilette - Large Bottle 150ml,"Versace Dreamer Eau de Toilette - Large Bottle 150ml by Versace is built for year-round wear with a soft tobacco aromatic profile. Fragrance notes: mandarin, lavender, tobacco, cedar, tonka bean. This listing is optimized for third-party resellers: high-search designer profile, gift-friendly packaging, and repeat-order demand. Supplier links: FragranceNet | FragranceX | Perfume.com",71.25,18,https://cdn.fragrancenet.com/images/photos/900x900/122041.jpg,active,"cologne,men,versace,set9,year-round,soft-tobacco-aromatic,stocksync-add-safe,ultrasafe"
SET9-VRS-060-122041,Versace Dreamer Eau de Toilette - Gift Set,"Versace Dreamer Eau de Toilette - Gift Set by Versace is built for year-round wear with a soft tobacco aromatic profile. Fragrance notes: mandarin, lavender, tobacco, cedar, tonka bean. This listing is optimized for third-party resellers: high-search designer profile, gift-friendly packaging, and repeat-order demand. Supplier links: FragranceNet | FragranceX | Perfume.com",67.26,14,https://cdn.fragrancenet.com/images/photos/900x900/122041.jpg,active,"cologne,men,versace,set9,year-round,soft-tobacco-aromatic,stocksync-add-safe,ultrasafe"
SET9-VLT-061-252897,Valentino Uomo Eau de Toilette - Travel Spray 10ml,"Valentino Uomo Eau de Toilette - Travel Spray 10ml by Valentino is built for year-round wear with a sweet leather gourmand profile. Fragrance notes: bergamot, hazelnut, chocolate, coffee bean, cedar. This listing is optimized for third-party resellers: high-search designer profile, gift-friendly packaging, and repeat-order demand. Supplier links: FragranceNet | FragranceX | Perfume.com",34.50,15,https://cdn.fragrancenet.com/images/photos/900x900/252897.jpg,active,"cologne,men,valentino,set9,year-round,sweet-leather-gourmand,stocksync-add-safe,ultrasafe"
SET9-VLT-062-252897,Valentino Uomo Eau de Toilette - Bottle 50ml,"Valentino Uomo Eau de Toilette - Bottle 50ml by Valentino is built for year-round wear with a sweet leather gourmand profile. Fragrance notes: bergamot, hazelnut, chocolate, coffee bean, cedar. This listing is optimized for third-party resellers: high-search designer profile, gift-friendly packaging, and repeat-order demand. Supplier links: FragranceNet | FragranceX | Perfume.com",94.30,20,https://cdn.fragrancenet.com/images/photos/900x900/252897.jpg,active,"cologne,men,valentino,set9,year-round,sweet-leather-gourmand,stocksync-add-safe,ultrasafe"
SET9-VLT-063-252897,Valentino Uomo Eau de Toilette - Bottle 100ml,"Valentino Uomo Eau de Toilette - Bottle 100ml by Valentino is built for year-round wear with a sweet leather gourmand profile. Fragrance notes: bergamot, hazelnut, chocolate, coffee bean, cedar. This listing is optimized for third-party resellers: high-search designer profile, gift-friendly packaging, and repeat-order demand. Supplier links: FragranceNet | FragranceX | Perfume.com",115.00,28,https://cdn.fragrancenet.com/images/photos/900x900/252897.jpg,active,"cologne,men,valentino,set9,year-round,sweet-leather-gourmand,stocksync-add-safe,ultrasafe"
SET9-VLT-064-252897,Valentino Uomo Eau de Toilette - Gift Set,"Valentino Uomo Eau de Toilette - Gift Set by Valentino is built for year-round wear with a sweet leather gourmand profile. Fragrance notes: bergamot, hazelnut, chocolate, coffee bean, cedar. This listing is optimized for third-party resellers: high-search designer profile, gift-friendly packaging, and repeat-order demand. Supplier links: FragranceNet | FragranceX | Perfume.com",138.00,12,https://cdn.fragrancenet.com/images/photos/900x900/252897.jpg,active,"cologne,men,valentino,set9,year-round,sweet-leather-gourmand,stocksync-add-safe,ultrasafe"
SET9-VLT-065-326371,Valentino Uomo Intense Eau de Parfum - Travel Spray 10ml,"Valentino Uomo Intense Eau de Parfum - Travel Spray 10ml by Valentino is built for winter wear with a powdery leather amber profile. Fragrance notes: mandarin, clary sage, iris, tonka bean, leather. This listing is optimized for third-party resellers: high-search designer profile, gift-friendly packaging, and repeat-order demand. Supplier links: FragranceNet | FragranceX | Perfume.com",34.20,15,https://cdn.fragrancenet.com/images/photos/900x900/326371.jpg,active,"cologne,men,valentino,set9,winter,powdery-leather-amber,stocksync-add-safe,ultrasafe"
SET9-VLT-066-326371,Valentino Uomo Intense Eau de Parfum - Bottle 50ml,"Valentino Uomo Intense Eau de Parfum - Bottle 50ml by Valentino is built for winter wear with a powdery leather amber profile. Fragrance notes: mandarin, clary sage, iris, tonka bean, leather. This listing is optimized for third-party resellers: high-search designer profile, gift-friendly packaging, and repeat-order demand. Supplier links: FragranceNet | FragranceX | Perfume.com",93.48,20,https://cdn.fragrancenet.com/images/photos/900x900/326371.jpg,active,"cologne,men,valentino,set9,winter,powdery-leather-amber,stocksync-add-safe,ultrasafe"
SET9-VLT-067-326371,Valentino Uomo Intense Eau de Parfum - Bottle 100ml,"Valentino Uomo Intense Eau de Parfum - Bottle 100ml by Valentino is built for winter wear with a powdery leather amber profile. Fragrance notes: mandarin, clary sage, iris, tonka bean, leather. This listing is optimized for third-party resellers: high-search designer profile, gift-friendly packaging, and repeat-order demand. Supplier links: FragranceNet | FragranceX | Perfume.com",114.00,28,https://cdn.fragrancenet.com/images/photos/900x900/326371.jpg,active,"cologne,men,valentino,set9,winter,powdery-leather-amber,stocksync-add-safe,ultrasafe"
SET9-VLT-068-326371,Valentino Uomo Intense Eau de Parfum - Gift Set,"Valentino Uomo Intense Eau de Parfum - Gift Set by Valentino is built for winter wear with a powdery leather amber profile. Fragrance notes: mandarin, clary sage, iris, tonka bean, leather. This listing is optimized for third-party resellers: high-search designer profile, gift-friendly packaging, and repeat-order demand. Supplier links: FragranceNet | FragranceX | Perfume.com",136.80,12,https://cdn.fragrancenet.com/images/photos/900x900/326371.jpg,active,"cologne,men,valentino,set9,winter,powdery-leather-amber,stocksync-add-safe,ultrasafe"
SET9-VLT-069-353183,Valentino Uomo Born In Roma Eau de Toilette - Travel Spray 10ml,"Valentino Uomo Born In Roma Eau de Toilette - Travel Spray 10ml by Valentino is built for year-round wear with a mineral aromatic woody profile. Fragrance notes: violet leaf, ginger, sage, vetiver, woody notes. This listing is optimized for third-party resellers: high-search designer profile, gift-friendly packaging, and repeat-order demand. Supplier links: FragranceNet | FragranceX | Perfume.com",49.50,15,https://cdn.fragrancenet.com/images/photos/900x900/353183.jpg,active,"cologne,men,valentino,set9,year-round,mineral-aromatic-woody,stocksync-add-safe,ultrasafe"
SET9-VLT-070-353183,Valentino Uomo Born In Roma Eau de Toilette - Bottle 50ml,"Valentino Uomo Born In Roma Eau de Toilette - Bottle 50ml by Valentino is built for year-round wear with a mineral aromatic woody profile. Fragrance notes: violet leaf, ginger, sage, vetiver, woody notes. This listing is optimized for third-party resellers: high-search designer profile, gift-friendly packaging, and repeat-order demand. Supplier links: FragranceNet | FragranceX | Perfume.com",135.30,20,https://cdn.fragrancenet.com/images/photos/900x900/353183.jpg,active,"cologne,men,valentino,set9,year-round,mineral-aromatic-woody,stocksync-add-safe,ultrasafe"
SET9-VLT-071-353183,Valentino Uomo Born In Roma Eau de Toilette - Bottle 100ml,"Valentino Uomo Born In Roma Eau de Toilette - Bottle 100ml by Valentino is built for year-round wear with a mineral aromatic woody profile. Fragrance notes: violet leaf, ginger, sage, vetiver, woody notes. This listing is optimized for third-party resellers: high-search designer profile, gift-friendly packaging, and repeat-order demand. Supplier links: FragranceNet | FragranceX | Perfume.com",165.00,28,https://cdn.fragrancenet.com/images/photos/900x900/353183.jpg,active,"cologne,men,valentino,set9,year-round,mineral-aromatic-woody,stocksync-add-safe,ultrasafe"
SET9-VLT-072-353183,Valentino Uomo Born In Roma Eau de Toilette - Gift Set,"Valentino Uomo Born In Roma Eau de Toilette - Gift Set by Valentino is built for year-round wear with a mineral aromatic woody profile. Fragrance notes: violet leaf, ginger, sage, vetiver, woody notes. This listing is optimized for third-party resellers: high-search designer profile, gift-friendly packaging, and repeat-order demand. Supplier links: FragranceNet | FragranceX | Perfume.com",198.00,12,https://cdn.fragrancenet.com/images/photos/900x900/353183.jpg,active,"cologne,men,valentino,set9,year-round,mineral-aromatic-woody,stocksync-add-safe,ultrasafe"
SET9-VLT-073-459382,Valentino Uomo Born In Roma Intense Eau de Parfum - Travel Spray 10ml,"Valentino Uomo Born In Roma Intense Eau de Parfum - Travel Spray 10ml by Valentino is built for winter wear with a vanilla aromatic earthy profile. Fragrance notes: vanilla, lavender, vetiver. This listing is optimized for third-party resellers: high-search designer profile, gift-friendly packaging, and repeat-order demand. Supplier links: FragranceNet | FragranceX | Perfume.com",67.20,15,https://cdn.fragrancenet.com/images/photos/900x900/459382.jpg,active,"cologne,men,valentino,set9,winter,vanilla-aromatic-earthy,stocksync-add-safe,ultrasafe"
SET9-VLT-074-459382,Valentino Uomo Born In Roma Intense Eau de Parfum - Bottle 50ml,"Valentino Uomo Born In Roma Intense Eau de Parfum - Bottle 50ml by Valentino is built for winter wear with a vanilla aromatic earthy profile. Fragrance notes: vanilla, lavender, vetiver. This listing is optimized for third-party resellers: high-search designer profile, gift-friendly packaging, and repeat-order demand. Supplier links: FragranceNet | FragranceX | Perfume.com",183.68,20,https://cdn.fragrancenet.com/images/photos/900x900/459382.jpg,active,"cologne,men,valentino,set9,winter,vanilla-aromatic-earthy,stocksync-add-safe,ultrasafe"
SET9-VLT-075-459382,Valentino Uomo Born In Roma Intense Eau de Parfum - Bottle 100ml,"Valentino Uomo Born In Roma Intense Eau de Parfum - Bottle 100ml by Valentino is built for winter wear with a vanilla aromatic earthy profile. Fragrance notes: vanilla, lavender, vetiver. This listing is optimized for third-party resellers: high-search designer profile, gift-friendly packaging, and repeat-order demand. Supplier links: FragranceNet | FragranceX | Perfume.com",224.00,28,https://cdn.fragrancenet.com/images/photos/900x900/459382.jpg,active,"cologne,men,valentino,set9,winter,vanilla-aromatic-earthy,stocksync-add-safe,ultrasafe"
SET9-VLT-076-459382,Valentino Uomo Born In Roma Intense Eau de Parfum - Gift Set,"Valentino Uomo Born In Roma Intense Eau de Parfum - Gift Set by Valentino is built for winter wear with a vanilla aromatic earthy profile. Fragrance notes: vanilla, lavender, vetiver. This listing is optimized for third-party resellers: high-search designer profile, gift-friendly packaging, and repeat-order demand. Supplier links: FragranceNet | FragranceX | Perfume.com",268.80,12,https://cdn.fragrancenet.com/images/photos/900x900/459382.jpg,active,"cologne,men,valentino,set9,winter,vanilla-aromatic-earthy,stocksync-add-safe,ultrasafe"
SET9-VLT-077-430508,Valentino Uomo Born In Roma Coral Fantasy Eau de Toilette - Travel Spray 10ml,"Valentino Uomo Born In Roma Coral Fantasy Eau de Toilette - Travel Spray 10ml by Valentino is built for summer wear with a fruity spicy modern profile. Fragrance notes: red apple accord, aromatic sage, tobacco accord. This listing is optimized for third-party resellers: high-search designer profile, gift-friendly packaging, and repeat-order demand. Supplier links: FragranceNet | FragranceX | Perfume.com",55.20,15,https://cdn.fragrancenet.com/images/photos/900x900/430508.jpg,active,"cologne,men,valentino,set9,summer,fruity-spicy-modern,stocksync-add-safe,ultrasafe"
SET9-VLT-078-430508,Valentino Uomo Born In Roma Coral Fantasy Eau de Toilette - Bottle 50ml,"Valentino Uomo Born In Roma Coral Fantasy Eau de Toilette - Bottle 50ml by Valentino is built for summer wear with a fruity spicy modern profile. Fragrance notes: red apple accord, aromatic sage, tobacco accord. This listing is optimized for third-party resellers: high-search designer profile, gift-friendly packaging, and repeat-order demand. Supplier links: FragranceNet | FragranceX | Perfume.com",150.88,20,https://cdn.fragrancenet.com/images/photos/900x900/430508.jpg,active,"cologne,men,valentino,set9,summer,fruity-spicy-modern,stocksync-add-safe,ultrasafe"
SET9-VLT-079-430508,Valentino Uomo Born In Roma Coral Fantasy Eau de Toilette - Bottle 100ml,"Valentino Uomo Born In Roma Coral Fantasy Eau de Toilette - Bottle 100ml by Valentino is built for summer wear with a fruity spicy modern profile. Fragrance notes: red apple accord, aromatic sage, tobacco accord. This listing is optimized for third-party resellers: high-search designer profile, gift-friendly packaging, and repeat-order demand. Supplier links: FragranceNet | FragranceX | Perfume.com",184.00,28,https://cdn.fragrancenet.com/images/photos/900x900/430508.jpg,active,"cologne,men,valentino,set9,summer,fruity-spicy-modern,stocksync-add-safe,ultrasafe"
SET9-VLT-080-430508,Valentino Uomo Born In Roma Coral Fantasy Eau de Toilette - Gift Set,"Valentino Uomo Born In Roma Coral Fantasy Eau de Toilette - Gift Set by Valentino is built for summer wear with a fruity spicy modern profile. Fragrance notes: red apple accord, aromatic sage, tobacco accord. This listing is optimized for third-party resellers: high-search designer profile, gift-friendly packaging, and repeat-order demand. Supplier links: FragranceNet | FragranceX | Perfume.com",220.80,12,https://cdn.fragrancenet.com/images/photos/900x900/430508.jpg,active,"cologne,men,valentino,set9,summer,fruity-spicy-modern,stocksync-add-safe,ultrasafe"
SET9-VLT-081-478532,Valentino Uomo Born In Roma Green Stravaganza Eau de Toilette - Travel Spray 10ml,"Valentino Uomo Born In Roma Green Stravaganza Eau de Toilette - Travel Spray 10ml by Valentino is built for summer wear with a green aromatic tea profile. Fragrance notes: lapsang souchong tea accord, jasmine, vanilla. This listing is optimized for third-party resellers: high-search designer profile, gift-friendly packaging, and repeat-order demand. Supplier links: FragranceNet | FragranceX | Perfume.com",48.30,15,https://cdn.fragrancenet.com/images/photos/900x900/478532.jpg,active,"cologne,men,valentino,set9,summer,green-aromatic-tea,stocksync-add-safe,ultrasafe"
SET9-VLT-082-478532,Valentino Uomo Born In Roma Green Stravaganza Eau de Toilette - Bottle 50ml,"Valentino Uomo Born In Roma Green Stravaganza Eau de Toilette - Bottle 50ml by Valentino is built for summer wear with a green aromatic tea profile. Fragrance notes: lapsang souchong tea accord, jasmine, vanilla. This listing is optimized for third-party resellers: high-search designer profile, gift-friendly packaging, and repeat-order demand. Supplier links: FragranceNet | FragranceX | Perfume.com",132.02,20,https://cdn.fragrancenet.com/images/photos/900x900/478532.jpg,active,"cologne,men,valentino,set9,summer,green-aromatic-tea,stocksync-add-safe,ultrasafe"
SET9-VLT-083-478532,Valentino Uomo Born In Roma Green Stravaganza Eau de Toilette - Bottle 100ml,"Valentino Uomo Born In Roma Green Stravaganza Eau de Toilette - Bottle 100ml by Valentino is built for summer wear with a green aromatic tea profile. Fragrance notes: lapsang souchong tea accord, jasmine, vanilla. This listing is optimized for third-party resellers: high-search designer profile, gift-friendly packaging, and repeat-order demand. Supplier links: FragranceNet | FragranceX | Perfume.com",161.00,28,https://cdn.fragrancenet.com/images/photos/900x900/478532.jpg,active,"cologne,men,valentino,set9,summer,green-aromatic-tea,stocksync-add-safe,ultrasafe"
SET9-VLT-084-478532,Valentino Uomo Born In Roma Green Stravaganza Eau de Toilette - Gift Set,"Valentino Uomo Born In Roma Green Stravaganza Eau de Toilette - Gift Set by Valentino is built for summer wear with a green aromatic tea profile. Fragrance notes: lapsang souchong tea accord, jasmine, vanilla. This listing is optimized for third-party resellers: high-search designer profile, gift-friendly packaging, and repeat-order demand. Supplier links: FragranceNet | FragranceX | Perfume.com",193.20,12,https://cdn.fragrancenet.com/images/photos/900x900/478532.jpg,active,"cologne,men,valentino,set9,summer,green-aromatic-tea,stocksync-add-safe,ultrasafe"
SET9-VLT-085-431687,Valentino Uomo Born In Roma Yellow Dream Eau de Toilette - Travel Spray 10ml,"Valentino Uomo Born In Roma Yellow Dream Eau de Toilette - Travel Spray 10ml by Valentino is built for summer wear with a fresh citrus spicy profile. Fragrance notes: lemon, spicy accord, white musk. This listing is optimized for third-party resellers: high-search designer profile, gift-friendly packaging, and repeat-order demand. Supplier links: FragranceNet | FragranceX | Perfume.com",40.50,15,https://cdn.fragrancenet.com/images/photos/900x900/431687.jpg,active,"cologne,men,valentino,set9,summer,fresh-citrus-spicy,stocksync-add-safe,ultrasafe"
SET9-VLT-086-431687,Valentino Uomo Born In Roma Yellow Dream Eau de Toilette - Bottle 50ml,"Valentino Uomo Born In Roma Yellow Dream Eau de Toilette - Bottle 50ml by Valentino is built for summer wear with a fresh citrus spicy profile. Fragrance notes: lemon, spicy accord, white musk. This listing is optimized for third-party resellers: high-search designer profile, gift-friendly packaging, and repeat-order demand. Supplier links: FragranceNet | FragranceX | Perfume.com",110.70,20,https://cdn.fragrancenet.com/images/photos/900x900/431687.jpg,active,"cologne,men,valentino,set9,summer,fresh-citrus-spicy,stocksync-add-safe,ultrasafe"
SET9-VLT-087-431687,Valentino Uomo Born In Roma Yellow Dream Eau de Toilette - Bottle 100ml,"Valentino Uomo Born In Roma Yellow Dream Eau de Toilette - Bottle 100ml by Valentino is built for summer wear with a fresh citrus spicy profile. Fragrance notes: lemon, spicy accord, white musk. This listing is optimized for third-party resellers: high-search designer profile, gift-friendly packaging, and repeat-order demand. Supplier links: FragranceNet | FragranceX | Perfume.com",135.00,28,https://cdn.fragrancenet.com/images/photos/900x900/431687.jpg,active,"cologne,men,valentino,set9,summer,fresh-citrus-spicy,stocksync-add-safe,ultrasafe"
SET9-VLT-088-431687,Valentino Uomo Born In Roma Yellow Dream Eau de Toilette - Gift Set,"Valentino Uomo Born In Roma Yellow Dream Eau de Toilette - Gift Set by Valentino is built for summer wear with a fresh citrus spicy profile. Fragrance notes: lemon, spicy accord, white musk. This listing is optimized for third-party resellers: high-search designer profile, gift-friendly packaging, and repeat-order demand. Supplier links: FragranceNet | FragranceX | Perfume.com",162.00,12,https://cdn.fragrancenet.com/images/photos/900x900/431687.jpg,active,"cologne,men,valentino,set9,summer,fresh-citrus-spicy,stocksync-add-safe,ultrasafe"
SET9-VLT-089-502429,Valentino Uomo Born In Roma Extradose Parfum - Travel Spray 10ml,"Valentino Uomo Born In Roma Extradose Parfum - Travel Spray 10ml by Valentino is built for winter wear with a intense sweet spicy profile. Fragrance notes: warm vanilla, dark spice accord, woody amber. This listing is optimized for third-party resellers: high-search designer profile, gift-friendly packaging, and repeat-order demand. Supplier links: FragranceNet | FragranceX | Perfume.com",70.50,15,https://cdn.fragrancenet.com/images/photos/900x900/502429.jpg,active,"cologne,men,valentino,set9,winter,intense-sweet-spicy,stocksync-add-safe,ultrasafe"
SET9-VLT-090-502429,Valentino Uomo Born In Roma Extradose Parfum - Bottle 50ml,"Valentino Uomo Born In Roma Extradose Parfum - Bottle 50ml by Valentino is built for winter wear with a intense sweet spicy profile. Fragrance notes: warm vanilla, dark spice accord, woody amber. This listing is optimized for third-party resellers: high-search designer profile, gift-friendly packaging, and repeat-order demand. Supplier links: FragranceNet | FragranceX | Perfume.com",192.70,20,https://cdn.fragrancenet.com/images/photos/900x900/502429.jpg,active,"cologne,men,valentino,set9,winter,intense-sweet-spicy,stocksync-add-safe,ultrasafe"
SET9-VLT-091-502429,Valentino Uomo Born In Roma Extradose Parfum - Bottle 100ml,"Valentino Uomo Born In Roma Extradose Parfum - Bottle 100ml by Valentino is built for winter wear with a intense sweet spicy profile. Fragrance notes: warm vanilla, dark spice accord, woody amber. This listing is optimized for third-party resellers: high-search designer profile, gift-friendly packaging, and repeat-order demand. Supplier links: FragranceNet | FragranceX | Perfume.com",235.00,28,https://cdn.fragrancenet.com/images/photos/900x900/502429.jpg,active,"cologne,men,valentino,set9,winter,intense-sweet-spicy,stocksync-add-safe,ultrasafe"
SET9-VLT-092-502429,Valentino Uomo Born In Roma Extradose Parfum - Gift Set,"Valentino Uomo Born In Roma Extradose Parfum - Gift Set by Valentino is built for winter wear with a intense sweet spicy profile. Fragrance notes: warm vanilla, dark spice accord, woody amber. This listing is optimized for third-party resellers: high-search designer profile, gift-friendly packaging, and repeat-order demand. Supplier links: FragranceNet | FragranceX | Perfume.com",282.00,12,https://cdn.fragrancenet.com/images/photos/900x900/502429.jpg,active,"cologne,men,valentino,set9,winter,intense-sweet-spicy,stocksync-add-safe,ultrasafe"
SET9-VLT-093-498871,Valentino Uomo Born In Roma Rockstud Noir Eau de Toilette - Travel Spray 10ml,"Valentino Uomo Born In Roma Rockstud Noir Eau de Toilette - Travel Spray 10ml by Valentino is built for winter wear with a musky creamy woods profile. Fragrance notes: myrrh, vanilla absolute, sandalwood, musk. This listing is optimized for third-party resellers: high-search designer profile, gift-friendly packaging, and repeat-order demand. Supplier links: FragranceNet | FragranceX | Perfume.com",33.00,15,https://cdn.fragrancenet.com/images/photos/900x900/498871.jpg,active,"cologne,men,valentino,set9,winter,musky-creamy-woods,stocksync-add-safe,ultrasafe"
SET9-VLT-094-498871,Valentino Uomo Born In Roma Rockstud Noir Eau de Toilette - Bottle 50ml,"Valentino Uomo Born In Roma Rockstud Noir Eau de Toilette - Bottle 50ml by Valentino is built for winter wear with a musky creamy woods profile. Fragrance notes: myrrh, vanilla absolute, sandalwood, musk. This listing is optimized for third-party resellers: high-search designer profile, gift-friendly packaging, and repeat-order demand. Supplier links: FragranceNet | FragranceX | Perfume.com",90.20,20,https://cdn.fragrancenet.com/images/photos/900x900/498871.jpg,active,"cologne,men,valentino,set9,winter,musky-creamy-woods,stocksync-add-safe,ultrasafe"
SET9-VLT-095-498871,Valentino Uomo Born In Roma Rockstud Noir Eau de Toilette - Bottle 100ml,"Valentino Uomo Born In Roma Rockstud Noir Eau de Toilette - Bottle 100ml by Valentino is built for winter wear with a musky creamy woods profile. Fragrance notes: myrrh, vanilla absolute, sandalwood, musk. This listing is optimized for third-party resellers: high-search designer profile, gift-friendly packaging, and repeat-order demand. Supplier links: FragranceNet | FragranceX | Perfume.com",110.00,28,https://cdn.fragrancenet.com/images/photos/900x900/498871.jpg,active,"cologne,men,valentino,set9,winter,musky-creamy-woods,stocksync-add-safe,ultrasafe"
SET9-VLT-096-498871,Valentino Uomo Born In Roma Rockstud Noir Eau de Toilette - Gift Set,"Valentino Uomo Born In Roma Rockstud Noir Eau de Toilette - Gift Set by Valentino is built for winter wear with a musky creamy woods profile. Fragrance notes: myrrh, vanilla absolute, sandalwood, musk. This listing is optimized for third-party resellers: high-search designer profile, gift-friendly packaging, and repeat-order demand. Supplier links: FragranceNet | FragranceX | Perfume.com",132.00,12,https://cdn.fragrancenet.com/images/photos/900x900/498871.jpg,active,"cologne,men,valentino,set9,winter,musky-creamy-woods,stocksync-add-safe,ultrasafe"
SET9-VLT-097-498977,Valentino Uomo Born In Roma The Gold Eau de Toilette - Travel Spray 10ml,"Valentino Uomo Born In Roma The Gold Eau de Toilette - Travel Spray 10ml by Valentino is built for summer wear with a solar amber spicy profile. Fragrance notes: solar notes, nutmeg, virginia cedar, vanilla, amber. This listing is optimized for third-party resellers: high-search designer profile, gift-friendly packaging, and repeat-order demand. Supplier links: FragranceNet | FragranceX | Perfume.com",72.90,15,https://cdn.fragrancenet.com/images/photos/900x900/498977.jpg,active,"cologne,men,valentino,set9,summer,solar-amber-spicy,stocksync-add-safe,ultrasafe"
SET9-VLT-098-498977,Valentino Uomo Born In Roma The Gold Eau de Toilette - Bottle 50ml,"Valentino Uomo Born In Roma The Gold Eau de Toilette - Bottle 50ml by Valentino is built for summer wear with a solar amber spicy profile. Fragrance notes: solar notes, nutmeg, virginia cedar, vanilla, amber. This listing is optimized for third-party resellers: high-search designer profile, gift-friendly packaging, and repeat-order demand. Supplier links: FragranceNet | FragranceX | Perfume.com",199.26,20,https://cdn.fragrancenet.com/images/photos/900x900/498977.jpg,active,"cologne,men,valentino,set9,summer,solar-amber-spicy,stocksync-add-safe,ultrasafe"
SET9-VLT-099-498977,Valentino Uomo Born In Roma The Gold Eau de Toilette - Bottle 100ml,"Valentino Uomo Born In Roma The Gold Eau de Toilette - Bottle 100ml by Valentino is built for summer wear with a solar amber spicy profile. Fragrance notes: solar notes, nutmeg, virginia cedar, vanilla, amber. This listing is optimized for third-party resellers: high-search designer profile, gift-friendly packaging, and repeat-order demand. Supplier links: FragranceNet | FragranceX | Perfume.com",243.00,28,https://cdn.fragrancenet.com/images/photos/900x900/498977.jpg,active,"cologne,men,valentino,set9,summer,solar-amber-spicy,stocksync-add-safe,ultrasafe"
SET9-VLT-100-498977,Valentino Uomo Born In Roma The Gold Eau de Toilette - Gift Set,"Valentino Uomo Born In Roma The Gold Eau de Toilette - Gift Set by Valentino is built for summer wear with a solar amber spicy profile. Fragrance notes: solar notes, nutmeg, virginia cedar, vanilla, amber. This listing is optimized for third-party resellers: high-search designer profile, gift-friendly packaging, and repeat-order demand. Supplier links: FragranceNet | FragranceX | Perfume.com",291.60,12,https://cdn.fragrancenet.com/images/photos/900x900/498977.jpg,active,"cologne,men,valentino,set9,summer,solar-amber-spicy,stocksync-add-safe,ultrasafe"
